customerID,ChurnProbability,RiskLevel,CustomerSegment,tenure,MonthlyCharges,TotalCharges,Contract,InternetService,PaymentMethod
4376-KFVRS,0.0,Low Risk,3,72,114.05,8468.2,Two year,Fiber optic,Credit card (automatic)
2754-SDJRD,84.36,High Risk,2,8,100.15,908.55,Month-to-month,Fiber optic,Credit card (automatic)
9917-KWRBE,4.74,Low Risk,2,41,78.35,3211.2,One year,DSL,Credit card (automatic)
0365-GXEZS,72.94,High Risk,2,18,78.2,1468.75,Month-to-month,Fiber optic,Electronic check
9385-NXKDA,5.97,Low Risk,3,72,82.65,5919.35,Two year,DSL,Credit card (automatic)
4686-UXDML,58.23,Medium Risk,2,21,99.85,1992.55,Month-to-month,Fiber optic,Credit card (automatic)
2227-JRSJX,58.23,Medium Risk,2,21,99.15,1956.4,Month-to-month,Fiber optic,Bank transfer (automatic)
4830-FAXFM,32.56,Medium Risk,0,19,24.1,439.2,Month-to-month,No,Credit card (automatic)
1830-IPXVJ,0.0,Low Risk,1,61,19.75,1311.6,Two year,No,Credit card (automatic)
4690-LLKUA,32.56,Medium Risk,0,17,45.05,770.6,Month-to-month,DSL,Electronic check
5804-HYIEZ,72.94,High Risk,3,70,106.05,7554.05,Month-to-month,Fiber optic,Electronic check
2388-LAESQ,0.0,Low Risk,3,72,114.85,8317.95,Two year,Fiber optic,Bank transfer (automatic)
5533-RJFTJ,53.35,Medium Risk,1,49,30.2,1453.1,Month-to-month,DSL,Bank transfer (automatic)
4706-AXVKM,84.36,High Risk,2,11,84.8,906.85,Month-to-month,Fiber optic,Credit card (automatic)
0997-YTLNY,32.56,Medium Risk,0,19,48.8,953.65,Month-to-month,DSL,Mailed check
7971-HLVXI,5.97,Low Risk,3,72,84.5,6130.85,Two year,Fiber optic,Credit card (automatic)
7337-CINUD,3.53,Low Risk,0,8,19.5,159.35,Two year,No,Bank transfer (automatic)
1379-FRVEB,72.94,High Risk,2,15,91.0,1430.05,Month-to-month,Fiber optic,Electronic check
4753-PADAS,36.75,Medium Risk,3,67,105.7,6816.95,One year,Fiber optic,Bank transfer (automatic)
5701-GUXDC,4.74,Low Risk,0,26,35.4,978.6,One year,DSL,Credit card (automatic)
7235-NXZCP,84.36,High Risk,2,2,74.85,156.4,Month-to-month,Fiber optic,Mailed check
0668-OGMHD,53.35,Medium Risk,0,21,28.5,629.35,Month-to-month,DSL,Electronic check
2812-REYAT,4.74,Low Risk,1,49,20.05,923.1,One year,No,Bank transfer (automatic)
8779-YIQQA,12.96,Low Risk,0,21,19.8,350.1,One year,No,Mailed check
9701-CDXHR,58.23,Medium Risk,3,51,69.15,3649.6,Month-to-month,Fiber optic,Mailed check
7130-CTCUS,32.56,Medium Risk,0,16,54.55,825.1,Month-to-month,DSL,Bank transfer (automatic)
1894-IGFSG,72.94,High Risk,2,22,89.25,1907.85,Month-to-month,Fiber optic,Electronic check
0871-URUWO,84.36,High Risk,2,13,102.25,1359.0,Month-to-month,Fiber optic,Credit card (automatic)
0057-QBUQH,0.0,Low Risk,1,43,25.1,1070.15,Two year,No,Electronic check
9611-CTWIH,84.36,High Risk,2,3,89.45,240.45,Month-to-month,Fiber optic,Electronic check
8058-DMYRU,72.94,High Risk,3,54,90.05,4931.8,Month-to-month,Fiber optic,Electronic check
5351-QESIO,72.5,High Risk,0,1,24.2,24.2,Month-to-month,DSL,Mailed check
4302-ZYFEL,4.74,Low Risk,1,69,20.55,1403.1,One year,No,Credit card (automatic)
6134-KWTBV,0.0,Low Risk,1,62,23.4,1429.65,Two year,No,Bank transfer (automatic)
2034-GDRCN,84.36,High Risk,2,2,90.4,168.2,Month-to-month,Fiber optic,Electronic check
9544-PYPSJ,58.23,Medium Risk,3,62,96.1,6019.35,Month-to-month,Fiber optic,Credit card (automatic)
4208-UFFGW,72.5,High Risk,0,2,44.95,85.15,Month-to-month,DSL,Mailed check
9537-JALFH,0.0,Low Risk,1,69,19.9,1356.7,Two year,No,Bank transfer (automatic)
4415-IJZTP,94.22,High Risk,2,1,74.5,74.5,Month-to-month,Fiber optic,Electronic check
4701-MLJPN,32.56,Medium Risk,2,31,55.25,1715.65,Month-to-month,DSL,Electronic check
7515-LODFU,0.0,Low Risk,1,69,20.3,1356.3,Two year,No,Credit card (automatic)
4927-WWOOZ,84.36,High Risk,2,2,91.45,171.45,Month-to-month,Fiber optic,Electronic check
4067-HLYQI,58.23,Medium Risk,2,33,70.4,2406.1,Month-to-month,Fiber optic,Bank transfer (automatic)
6184-DYUOB,49.6,Medium Risk,0,3,19.6,55.25,Month-to-month,No,Mailed check
9209-NWPGU,16.13,Low Risk,1,44,65.4,2774.55,One year,DSL,Electronic check
9851-KIELU,84.36,High Risk,2,10,110.1,1043.3,Month-to-month,Fiber optic,Electronic check
3199-XGZCY,84.36,High Risk,2,8,75.25,576.7,Month-to-month,Fiber optic,Electronic check
4226-KKDON,32.56,Medium Risk,2,8,66.65,520.95,Month-to-month,DSL,Electronic check
1085-LDWAM,4.74,Low Risk,1,69,20.35,1442.65,One year,No,Credit card (automatic)
6825-UYPFK,58.23,Medium Risk,2,23,75.6,1758.6,Month-to-month,Fiber optic,Bank transfer (automatic)
1767-CJKBA,0.0,Low Risk,1,66,25.1,1697.7,Two year,No,Mailed check
7181-BQYBV,94.22,High Risk,2,1,102.45,102.45,Month-to-month,Fiber optic,Electronic check
0178-CIIKR,49.6,Medium Risk,0,3,19.95,58.0,Month-to-month,No,Mailed check
4256-ZWTZI,72.5,High Risk,0,5,51.0,286.8,Month-to-month,DSL,Mailed check
9537-VHDTA,72.5,High Risk,0,1,51.2,51.2,Month-to-month,DSL,Mailed check
2754-XBHTB,84.36,High Risk,2,9,77.65,714.15,Month-to-month,Fiber optic,Bank transfer (automatic)
5975-BAICR,29.48,Low Risk,2,36,63.7,2188.5,One year,DSL,Credit card (automatic)
3301-VKTGC,4.74,Low Risk,3,68,85.5,5696.6,One year,Fiber optic,Bank transfer (automatic)
2877-VDUER,4.74,Low Risk,1,35,40.9,1383.6,One year,DSL,Mailed check
7717-BICXI,0.0,Low Risk,1,60,20.55,1205.05,Two year,No,Mailed check
0562-FGDCR,5.97,Low Risk,3,72,74.55,5430.65,Two year,DSL,Mailed check
3705-PSNGL,16.13,Low Risk,1,45,20.4,930.45,One year,No,Electronic check
0048-LUMLS,29.48,Low Risk,2,37,91.2,3247.55,One year,Fiber optic,Credit card (automatic)
6497-TILVL,32.56,Medium Risk,0,7,50.7,350.35,Month-to-month,DSL,Mailed check
2108-YKQTY,72.5,High Risk,0,4,50.7,151.3,Month-to-month,DSL,Credit card (automatic)
3658-KIBGF,72.5,High Risk,0,1,54.9,54.9,Month-to-month,DSL,Electronic check
5482-NUPNA,72.5,High Risk,2,4,60.4,272.15,Month-to-month,DSL,Mailed check
7410-KTVFV,32.56,Medium Risk,0,18,49.55,878.35,Month-to-month,DSL,Mailed check
9033-EOXWV,58.06,Medium Risk,2,12,74.05,872.65,One year,DSL,Mailed check
8821-XNHVZ,94.22,High Risk,2,1,80.05,80.05,Month-to-month,Fiber optic,Mailed check
8224-KDLKN,0.0,Low Risk,1,72,25.0,1738.9,Two year,No,Bank transfer (automatic)
4825-FUREZ,0.0,Low Risk,1,42,20.25,835.5,Two year,No,Electronic check
7534-BFESC,72.94,High Risk,2,24,76.1,1712.7,Month-to-month,Fiber optic,Electronic check
9138-EFSMO,29.48,Low Risk,2,26,78.95,2034.25,One year,Fiber optic,Bank transfer (automatic)
4227-OJHAL,4.74,Low Risk,3,68,73.0,5163.0,One year,DSL,Credit card (automatic)
7279-NMVJC,12.96,Low Risk,0,17,19.9,323.15,One year,No,Bank transfer (automatic)
8591-TKMZH,23.78,Low Risk,3,59,111.1,6555.2,Two year,Fiber optic,Mailed check
9283-LZQOH,84.36,High Risk,2,13,74.4,896.75,Month-to-month,Fiber optic,Credit card (automatic)
3594-IVHJZ,49.6,Medium Risk,0,2,20.45,42.45,Month-to-month,No,Mailed check
1945-XISKS,0.0,Low Risk,1,67,19.65,1335.2,Two year,No,Mailed check
4359-INNWN,12.96,Low Risk,0,17,20.05,337.9,One year,No,Credit card (automatic)
7649-SIJJF,5.97,Low Risk,3,71,80.1,5585.4,Two year,DSL,Mailed check
9254-RBFON,29.48,Low Risk,2,17,98.6,1704.95,One year,Fiber optic,Bank transfer (automatic)
0970-ETWGE,94.22,High Risk,2,1,89.55,89.55,Month-to-month,Fiber optic,Electronic check
7762-ONLJY,12.96,Low Risk,0,6,19.7,94.45,One year,No,Mailed check
6710-HSJRD,72.94,High Risk,3,61,114.1,7132.15,Month-to-month,Fiber optic,Electronic check
8873-GLDMH,84.36,High Risk,2,6,73.85,401.3,Month-to-month,Fiber optic,Mailed check
9907-SWKKF,72.5,High Risk,0,1,25.05,25.05,Month-to-month,DSL,Mailed check
4658-HCOHW,72.94,High Risk,2,21,102.8,2110.15,Month-to-month,Fiber optic,Electronic check
9330-VOFSZ,23.78,Low Risk,3,60,110.8,6640.7,Two year,Fiber optic,Credit card (automatic)
2860-RANUS,58.23,Medium Risk,2,20,85.8,1727.5,Month-to-month,Fiber optic,Credit card (automatic)
6234-PFPXL,58.23,Medium Risk,2,22,95.9,2234.95,Month-to-month,Fiber optic,Credit card (automatic)
7205-BAIAD,3.53,Low Risk,1,40,20.6,827.3,Two year,No,Bank transfer (automatic)
3858-VOBET,72.94,High Risk,2,23,74.95,1710.45,Month-to-month,Fiber optic,Electronic check
5103-MHMHY,72.5,High Risk,0,1,45.95,45.95,Month-to-month,DSL,Mailed check
6119-SPUDB,3.53,Low Risk,1,46,38.25,1755.35,Two year,DSL,Mailed check
9389-ACWBI,84.36,High Risk,2,5,69.95,320.4,Month-to-month,Fiber optic,Credit card (automatic)
3454-JFUBC,0.0,Low Risk,1,68,20.0,1396.0,Two year,No,Credit card (automatic)
1768-ZAIFU,72.5,High Risk,0,1,25.2,25.2,Month-to-month,DSL,Electronic check
7017-VFULY,49.6,Medium Risk,0,2,20.1,43.15,Month-to-month,No,Bank transfer (automatic)
9221-OTIVJ,72.94,High Risk,2,14,104.85,1531.4,Month-to-month,Fiber optic,Electronic check
2482-CZGBB,84.36,High Risk,2,10,70.0,740.0,Month-to-month,Fiber optic,Electronic check
7018-WBJNK,84.36,High Risk,2,13,78.3,1033.95,Month-to-month,Fiber optic,Credit card (automatic)
3331-HQDTW,58.23,Medium Risk,3,34,109.8,3587.25,Month-to-month,Fiber optic,Mailed check
4695-VADHF,32.56,Medium Risk,2,18,57.45,990.85,Month-to-month,DSL,Electronic check
4086-WITJG,0.0,Low Risk,1,71,19.7,1301.1,Two year,No,Credit card (automatic)
6297-NOOPG,0.0,Low Risk,3,70,110.5,7752.05,Two year,Fiber optic,Electronic check
8777-PVYGU,4.74,Low Risk,1,52,64.3,3410.6,One year,DSL,Mailed check
4378-MYPGO,23.78,Low Risk,3,68,105.25,7173.15,Two year,Fiber optic,Bank transfer (automatic)
9313-CDOGY,32.56,Medium Risk,1,38,19.6,717.3,Month-to-month,No,Electronic check
4121-AGSIN,4.74,Low Risk,1,58,24.5,1497.9,One year,No,Credit card (automatic)
0432-CAJZV,84.36,High Risk,2,3,90.7,237.65,Month-to-month,Fiber optic,Mailed check
9097-ZUBYC,32.56,Medium Risk,0,14,48.8,664.4,Month-to-month,DSL,Bank transfer (automatic)
9638-JIQYA,72.5,High Risk,0,2,24.9,49.7,Month-to-month,DSL,Credit card (automatic)
1024-GUALD,72.5,High Risk,0,1,24.8,24.8,Month-to-month,DSL,Electronic check
8024-XNAFQ,69.76,High Risk,3,72,107.4,7748.75,Two year,Fiber optic,Bank transfer (automatic)
7587-RZNME,72.5,High Risk,0,3,43.3,123.65,Month-to-month,DSL,Electronic check
1346-UFHAX,84.36,High Risk,2,13,80.0,1029.35,Month-to-month,Fiber optic,Credit card (automatic)
6374-NTQLP,23.78,Low Risk,3,72,104.1,7447.7,Two year,Fiber optic,Credit card (automatic)
6625-FLENO,3.53,Low Risk,1,58,20.75,1185.95,Two year,No,Mailed check
7375-WMVMT,5.97,Low Risk,3,71,95.5,6707.15,Two year,Fiber optic,Credit card (automatic)
6910-HADCM,94.22,High Risk,2,1,76.35,76.35,Month-to-month,Fiber optic,Electronic check
7401-JIXNM,5.97,Low Risk,3,54,91.3,4965.0,Two year,DSL,Credit card (automatic)
7338-ERIVA,4.74,Low Risk,1,39,45.05,1790.6,One year,DSL,Bank transfer (automatic)
5376-DEQCP,94.22,High Risk,2,1,70.6,70.6,Month-to-month,Fiber optic,Electronic check
0909-SELIE,5.97,Low Risk,3,61,80.8,4860.85,Two year,DSL,Bank transfer (automatic)
5419-KLXBN,58.23,Medium Risk,2,25,89.15,2257.75,Month-to-month,Fiber optic,Bank transfer (automatic)
0365-TRTPY,58.23,Medium Risk,3,37,91.2,3382.3,Month-to-month,Fiber optic,Bank transfer (automatic)
6712-OAWRH,72.94,High Risk,2,26,91.25,2351.8,Month-to-month,Fiber optic,Electronic check
2428-ZMCTB,32.56,Medium Risk,0,10,19.75,208.25,Month-to-month,No,Credit card (automatic)
1963-VAUKV,49.6,Medium Risk,0,1,20.4,20.4,Month-to-month,No,Mailed check
9381-NDKME,53.35,Medium Risk,0,24,40.65,933.3,Month-to-month,DSL,Credit card (automatic)
3729-OWRVL,47.99,Medium Risk,3,65,110.35,7246.15,Two year,Fiber optic,Electronic check
0895-LMRSF,29.48,Low Risk,2,23,64.9,1509.8,One year,DSL,Bank transfer (automatic)
2676-SSLTO,3.53,Low Risk,1,49,66.15,3199.0,Two year,DSL,Bank transfer (automatic)
8495-PRWFH,32.56,Medium Risk,1,42,55.65,2421.75,Month-to-month,DSL,Electronic check
9030-QGZNL,3.53,Low Risk,0,8,20.85,161.65,Two year,No,Mailed check
9972-NKTFD,32.56,Medium Risk,2,28,54.65,1517.5,Month-to-month,DSL,Bank transfer (automatic)
7998-WNZEM,5.97,Low Risk,3,71,80.6,5708.2,Two year,DSL,Bank transfer (automatic)
0979-PHULV,58.23,Medium Risk,3,69,99.45,7007.6,Month-to-month,Fiber optic,Credit card (automatic)
6445-TNRXS,0.0,Low Risk,3,68,114.7,7849.85,Two year,Fiber optic,Bank transfer (automatic)
9586-JGQKH,23.78,Low Risk,3,64,105.4,6794.75,Two year,Fiber optic,Bank transfer (automatic)
3966-HRMZA,84.36,High Risk,2,3,75.05,202.9,Month-to-month,Fiber optic,Mailed check
5498-IBWPI,4.74,Low Risk,1,66,49.4,3251.85,One year,DSL,Credit card (automatic)
6823-SIDFQ,4.74,Low Risk,0,28,18.25,534.7,One year,No,Credit card (automatic)
2323-ARSVR,23.78,Low Risk,3,67,111.05,7321.05,Two year,Fiber optic,Electronic check
5468-BPMMO,32.56,Medium Risk,1,46,19.6,851.2,Month-to-month,No,Electronic check
0486-HECZI,72.94,High Risk,3,55,96.75,5238.9,Month-to-month,Fiber optic,Electronic check
2178-PMGCJ,58.23,Medium Risk,2,22,69.7,1490.4,Month-to-month,Fiber optic,Mailed check
4660-IRIBM,58.23,Medium Risk,2,18,87.9,1500.5,Month-to-month,Fiber optic,Mailed check
9674-EHPPG,3.53,Low Risk,1,46,40.4,1842.7,Two year,DSL,Credit card (automatic)
5606-AMZBO,84.36,High Risk,2,10,78.15,765.15,Month-to-month,Fiber optic,Credit card (automatic)
0665-XHDJU,16.51,Low Risk,3,72,99.4,7285.7,Two year,Fiber optic,Electronic check
5402-HTOTQ,32.56,Medium Risk,0,16,55.3,875.35,Month-to-month,DSL,Electronic check
8258-GSTJK,84.36,High Risk,2,3,77.0,237.75,Month-to-month,Fiber optic,Electronic check
3787-TRIAL,53.35,Medium Risk,0,21,26.05,565.75,Month-to-month,DSL,Electronic check
6175-IRFIT,84.36,High Risk,2,5,78.75,426.35,Month-to-month,Fiber optic,Mailed check
6317-YPKDH,72.5,High Risk,0,1,29.95,29.95,Month-to-month,DSL,Bank transfer (automatic)
5692-FPTAH,72.5,High Risk,0,1,45.4,45.4,Month-to-month,DSL,Mailed check
5373-SFODM,58.23,Medium Risk,2,36,85.25,3132.75,Month-to-month,Fiber optic,Credit card (automatic)
0868-VJRDR,23.78,Low Risk,3,64,104.05,6605.55,Two year,Fiber optic,Credit card (automatic)
4079-VTGLK,0.0,Low Risk,2,30,74.85,2181.75,Two year,DSL,Electronic check
1166-PQLGG,0.0,Low Risk,1,72,19.55,1463.45,Two year,No,Bank transfer (automatic)
5296-BFCYD,3.53,Low Risk,1,46,20.1,936.85,Two year,No,Mailed check
6568-POCUI,3.53,Low Risk,3,45,95.2,4285.8,Two year,Fiber optic,Credit card (automatic)
2839-RFSQE,49.6,Medium Risk,0,2,20.65,38.7,Month-to-month,No,Mailed check
2188-SXWVT,4.74,Low Risk,1,34,55.0,1885.15,One year,DSL,Mailed check
8849-GYOKR,54.82,Medium Risk,3,54,106.55,5763.3,One year,Fiber optic,Bank transfer (automatic)
3623-FQBOX,32.56,Medium Risk,0,21,19.95,416.4,Month-to-month,No,Mailed check
2649-HWLYB,5.97,Low Risk,3,65,76.15,4929.55,Two year,DSL,Bank transfer (automatic)
0599-XNYDO,58.23,Medium Risk,2,20,69.8,1540.35,Month-to-month,Fiber optic,Bank transfer (automatic)
2514-GINMM,94.22,High Risk,2,1,79.5,79.5,Month-to-month,Fiber optic,Electronic check
8401-EMUWF,32.56,Medium Risk,1,42,69.4,3058.3,Month-to-month,DSL,Bank transfer (automatic)
5766-ZJYBB,49.6,Medium Risk,0,1,19.4,19.4,Month-to-month,No,Mailed check
2604-IJPDU,72.94,High Risk,2,20,96.55,1901.65,Month-to-month,Fiber optic,Electronic check
2501-XWWTZ,84.36,High Risk,2,11,70.2,760.05,Month-to-month,Fiber optic,Electronic check
6370-ZVHDV,0.0,Low Risk,1,61,25.3,1554.9,Two year,No,Bank transfer (automatic)
3027-YNWZU,0.0,Low Risk,1,64,25.0,1584.8,Two year,No,Credit card (automatic)
4526-ZJJTM,58.23,Medium Risk,2,25,88.4,2191.15,Month-to-month,Fiber optic,Bank transfer (automatic)
0440-QEXBZ,32.56,Medium Risk,1,44,50.15,2139.1,Month-to-month,DSL,Mailed check
0330-IVZHA,84.36,High Risk,2,5,69.95,330.15,Month-to-month,Fiber optic,Electronic check
9758-MFWGD,4.74,Low Risk,1,48,29.9,1388.75,One year,DSL,Bank transfer (automatic)
4229-CZMLL,84.36,High Risk,2,6,74.9,469.8,Month-to-month,Fiber optic,Electronic check
0742-MOABM,72.5,High Risk,0,4,50.05,179.35,Month-to-month,DSL,Mailed check
4277-BWBML,0.0,Low Risk,1,72,19.95,1322.85,Two year,No,Bank transfer (automatic)
5136-GFPMB,58.23,Medium Risk,3,54,89.4,4869.5,Month-to-month,Fiber optic,Credit card (automatic)
7520-HQWJU,32.56,Medium Risk,3,66,67.45,4508.65,Month-to-month,DSL,Bank transfer (automatic)
6304-IJFSQ,72.5,High Risk,0,3,49.9,130.1,Month-to-month,DSL,Mailed check
0297-RBCSG,29.48,Low Risk,2,19,65.35,1231.85,One year,DSL,Bank transfer (automatic)
6013-BHCAW,5.97,Low Risk,3,61,81.0,4976.15,Two year,DSL,Bank transfer (automatic)
4402-FTBXC,58.23,Medium Risk,3,54,89.8,4667.0,Month-to-month,Fiber optic,Mailed check
1471-GIQKQ,72.5,High Risk,0,1,49.95,49.95,Month-to-month,DSL,Electronic check
4283-FUTGF,72.94,High Risk,2,19,79.85,1471.75,Month-to-month,Fiber optic,Electronic check
9548-LERKT,3.53,Low Risk,0,24,19.75,483.15,Two year,No,Mailed check
8059-UDZFY,58.23,Medium Risk,2,33,105.35,3465.05,Month-to-month,Fiber optic,Bank transfer (automatic)
0410-IPFTY,58.23,Medium Risk,2,31,83.85,2674.15,Month-to-month,Fiber optic,Bank transfer (automatic)
2478-EEWWM,53.35,Medium Risk,1,59,44.3,2666.75,Month-to-month,DSL,Electronic check
4619-EVPHY,29.48,Low Risk,2,20,91.0,1859.5,One year,Fiber optic,Bank transfer (automatic)
2277-DJJDL,72.94,High Risk,3,60,99.0,6017.9,Month-to-month,Fiber optic,Electronic check
2911-WDXMV,58.23,Medium Risk,2,18,80.55,1406.65,Month-to-month,Fiber optic,Credit card (automatic)
3639-XJHKQ,32.56,Medium Risk,2,19,60.6,1297.8,Month-to-month,DSL,Electronic check
8173-RXAYP,3.53,Low Risk,0,24,19.7,452.55,Two year,No,Mailed check
4537-CIBHB,12.96,Low Risk,0,9,20.25,172.35,One year,No,Mailed check
5442-BXVND,32.56,Medium Risk,0,33,24.25,838.5,Month-to-month,No,Bank transfer (automatic)
2308-STERM,49.6,Medium Risk,0,2,19.4,61.05,Month-to-month,No,Mailed check
7159-NOKYQ,16.51,Low Risk,3,67,93.15,6368.2,Two year,Fiber optic,Electronic check
6075-QMNRR,32.56,Medium Risk,1,52,49.75,2535.55,Month-to-month,DSL,Bank transfer (automatic)
3694-GLTJM,49.6,Medium Risk,0,5,19.65,92.05,Month-to-month,No,Credit card (automatic)
9629-NHXFW,49.6,Medium Risk,0,1,19.4,19.4,Month-to-month,No,Mailed check
7167-PCEYD,0.0,Low Risk,1,67,19.8,1311.3,Two year,No,Mailed check
2748-MYRVK,29.48,Low Risk,3,63,99.9,6137.0,One year,Fiber optic,Bank transfer (automatic)
4223-WOZCM,72.5,High Risk,0,2,49.95,107.1,Month-to-month,DSL,Mailed check
6946-LMSQS,29.48,Low Risk,2,25,89.05,2177.45,One year,Fiber optic,Electronic check
5469-NUJUR,3.53,Low Risk,0,19,19.95,373.5,Two year,No,Mailed check
6388-TABGU,4.74,Low Risk,1,62,56.15,3487.95,One year,DSL,Bank transfer (automatic)
1261-FWTTE,53.35,Medium Risk,0,23,34.65,768.45,Month-to-month,DSL,Bank transfer (automatic)
8590-YFFQO,5.97,Low Risk,3,70,64.95,4523.25,Two year,DSL,Credit card (automatic)
0082-OQIQY,72.94,High Risk,2,29,94.2,2607.6,Month-to-month,Fiber optic,Electronic check
9465-RWMXL,72.94,High Risk,2,32,78.9,2447.95,Month-to-month,Fiber optic,Electronic check
2930-UOTMB,32.56,Medium Risk,2,31,65.25,1994.3,Month-to-month,DSL,Credit card (automatic)
9128-CPXKI,16.51,Low Risk,3,59,95.8,5655.45,Two year,Fiber optic,Electronic check
0484-FFVBJ,29.48,Low Risk,2,32,64.85,2010.95,One year,DSL,Bank transfer (automatic)
1100-DDVRV,53.35,Medium Risk,0,17,49.8,836.35,Month-to-month,DSL,Mailed check
9313-QOLTZ,32.56,Medium Risk,0,26,20.9,518.3,Month-to-month,No,Mailed check
3338-CVVEH,84.36,High Risk,2,12,94.55,1173.55,Month-to-month,Fiber optic,Electronic check
1131-SUEKT,29.48,Low Risk,3,61,98.45,6145.2,One year,Fiber optic,Bank transfer (automatic)
7602-DBTOU,0.0,Low Risk,1,71,19.6,1416.5,Two year,No,Mailed check
1385-TQOZW,32.56,Medium Risk,0,9,20.45,147.55,Month-to-month,No,Credit card (automatic)
6892-XPFPU,72.94,High Risk,2,24,104.25,2433.9,Month-to-month,Fiber optic,Electronic check
4115-NZRKS,84.36,High Risk,2,7,89.15,574.35,Month-to-month,Fiber optic,Electronic check
5514-YQENT,47.99,Medium Risk,3,41,111.15,4507.15,Two year,Fiber optic,Electronic check
6319-IEJWJ,72.94,High Risk,2,20,90.2,1776.55,Month-to-month,Fiber optic,Electronic check
8849-AYPTR,72.94,High Risk,2,33,91.25,2964.05,Month-to-month,Fiber optic,Electronic check
5893-PYOLZ,5.97,Low Risk,3,56,81.8,4534.45,Two year,DSL,Credit card (automatic)
7180-PISOG,94.22,High Risk,2,1,74.5,74.5,Month-to-month,Fiber optic,Electronic check
8443-ZRDBZ,84.36,High Risk,2,4,76.05,318.9,Month-to-month,Fiber optic,Electronic check
9079-YEXQJ,72.94,High Risk,3,54,111.1,6014.85,Month-to-month,Fiber optic,Electronic check
3780-YVMFA,32.56,Medium Risk,2,8,68.55,564.35,Month-to-month,DSL,Electronic check
6968-MHOMU,29.48,Low Risk,1,58,45.0,2689.35,One year,DSL,Credit card (automatic)
0899-LIIBW,72.94,High Risk,3,34,100.85,3527.3,Month-to-month,Fiber optic,Electronic check
3677-IYRBF,72.5,High Risk,0,2,30.4,78.65,Month-to-month,DSL,Electronic check
8393-DLHGA,72.94,High Risk,2,25,95.9,2448.75,Month-to-month,Fiber optic,Electronic check
7691-XVTZH,5.97,Low Risk,3,68,89.95,5974.3,Two year,Fiber optic,Bank transfer (automatic)
5360-LJCNJ,23.78,Low Risk,3,71,105.15,7555.0,Two year,Fiber optic,Bank transfer (automatic)
3891-PUQOD,72.5,High Risk,0,1,59.2,59.2,Month-to-month,DSL,Electronic check
0952-KMEEH,84.36,High Risk,2,13,98.15,1230.25,Month-to-month,Fiber optic,Mailed check
4919-IKATY,84.36,High Risk,2,5,84.5,453.75,Month-to-month,Fiber optic,Electronic check
9746-UGFAC,12.96,Low Risk,0,22,20.85,450.65,One year,No,Bank transfer (automatic)
9108-EQPNQ,3.53,Low Risk,0,10,26.1,225.55,Two year,No,Credit card (automatic)
0531-ZZJWQ,72.94,High Risk,3,55,74.0,4052.4,Month-to-month,Fiber optic,Electronic check
8763-KIAFH,4.74,Low Risk,0,27,20.55,583.3,One year,No,Mailed check
5863-OOKCL,32.56,Medium Risk,0,10,18.85,163.2,Month-to-month,No,Mailed check
2958-NHPPS,32.56,Medium Risk,0,23,20.85,473.9,Month-to-month,No,Electronic check
9530-GRMJG,16.51,Low Risk,3,70,84.1,5979.7,Two year,DSL,Electronic check
1809-DMJHQ,72.5,High Risk,0,5,46.0,221.7,Month-to-month,DSL,Mailed check
0164-XAIRP,3.53,Low Risk,0,24,19.55,470.2,Two year,No,Bank transfer (automatic)
2926-JEJJC,12.96,Low Risk,0,8,20.2,140.95,One year,No,Bank transfer (automatic)
1169-WCVAK,58.23,Medium Risk,2,19,88.8,1672.35,Month-to-month,Fiber optic,Credit card (automatic)
1217-VASWC,54.82,Medium Risk,3,43,100.55,4304.0,One year,Fiber optic,Bank transfer (automatic)
2452-KDRRH,58.23,Medium Risk,3,67,101.4,6841.05,Month-to-month,Fiber optic,Credit card (automatic)
6402-EJMWF,72.5,High Risk,0,4,55.3,238.5,Month-to-month,DSL,Mailed check
7663-CUXZB,23.78,Low Risk,3,59,113.75,6561.25,Two year,Fiber optic,Electronic check
4312-KFRXN,0.0,Low Risk,1,72,25.4,1710.9,Two year,No,Mailed check
3011-WQKSZ,32.56,Medium Risk,0,19,20.0,377.55,Month-to-month,No,Electronic check
9747-DDZOS,94.22,High Risk,2,1,73.5,73.5,Month-to-month,Fiber optic,Bank transfer (automatic)
2091-MJTFX,53.35,Medium Risk,1,30,51.2,1561.5,Month-to-month,DSL,Credit card (automatic)
0388-EOPEX,84.36,High Risk,2,2,74.4,139.4,Month-to-month,Fiber optic,Electronic check
3161-ONRWK,4.74,Low Risk,3,60,65.85,3928.3,One year,DSL,Bank transfer (automatic)
2587-EKXTS,72.94,High Risk,3,44,111.5,4915.15,Month-to-month,Fiber optic,Electronic check
9752-ZNQUT,72.5,High Risk,0,1,48.6,48.6,Month-to-month,DSL,Electronic check
9572-WUKSB,72.5,High Risk,0,3,29.9,92.25,Month-to-month,DSL,Electronic check
3836-FZSDJ,0.0,Low Risk,1,71,24.85,1901.0,Two year,No,Bank transfer (automatic)
8805-JNRAZ,72.5,High Risk,0,2,49.2,103.7,Month-to-month,DSL,Mailed check
3069-SSVSN,12.96,Low Risk,0,1,25.85,25.85,One year,DSL,Mailed check
8015-IHCGW,0.0,Low Risk,3,72,115.5,8425.15,Two year,Fiber optic,Electronic check
8132-YPVBX,84.36,High Risk,2,6,85.95,514.6,Month-to-month,Fiber optic,Mailed check
0235-KGSLC,94.22,High Risk,2,1,85.55,85.55,Month-to-month,Fiber optic,Credit card (automatic)
1302-UHBDD,72.94,High Risk,2,20,89.95,1648.45,Month-to-month,Fiber optic,Electronic check
3722-WPXTK,94.22,High Risk,2,1,88.35,88.35,Month-to-month,Fiber optic,Electronic check
7531-GQHME,32.56,Medium Risk,0,12,20.05,265.45,Month-to-month,No,Credit card (automatic)
1335-NTIUC,53.35,Medium Risk,0,9,24.95,190.25,Month-to-month,DSL,Electronic check
9367-TCUYN,32.56,Medium Risk,0,12,20.1,223.6,Month-to-month,No,Mailed check
1536-HBSWP,72.5,High Risk,0,1,49.9,49.9,Month-to-month,DSL,Electronic check
8573-JGCZW,12.96,Low Risk,0,17,19.65,351.55,One year,No,Bank transfer (automatic)
2694-CIUMO,84.36,High Risk,2,12,79.55,958.25,Month-to-month,Fiber optic,Credit card (automatic)
2027-FECZV,84.36,High Risk,2,12,106.7,1253.9,Month-to-month,Fiber optic,Electronic check
9103-TCIHJ,32.56,Medium Risk,2,15,55.7,899.8,Month-to-month,DSL,Mailed check
1545-JFUML,16.51,Low Risk,3,71,99.0,6994.6,Two year,Fiber optic,Electronic check
0524-IAVZO,72.94,High Risk,2,30,85.0,2624.25,Month-to-month,Fiber optic,Electronic check
5519-TEEUH,4.74,Low Risk,0,33,20.15,682.15,One year,No,Mailed check
6654-QGBZZ,49.6,Medium Risk,0,1,19.9,19.9,Month-to-month,No,Mailed check
2294-DMMUS,32.56,Medium Risk,3,62,70.45,4300.45,Month-to-month,DSL,Credit card (automatic)
0017-IUDMW,0.0,Low Risk,3,72,116.8,8456.75,Two year,Fiber optic,Credit card (automatic)
5018-LXQQG,32.56,Medium Risk,2,30,66.3,1923.5,Month-to-month,DSL,Bank transfer (automatic)
5808-TOTXO,12.96,Low Risk,0,3,20.55,57.4,One year,No,Credit card (automatic)
1174-FGIFN,29.48,Low Risk,2,28,90.45,2509.25,One year,Fiber optic,Electronic check
0730-KOAVE,58.23,Medium Risk,2,30,94.3,2679.7,Month-to-month,Fiber optic,Credit card (automatic)
1218-VKFPE,32.56,Medium Risk,0,12,19.0,233.55,Month-to-month,No,Mailed check
5313-FPXWG,4.74,Low Risk,1,51,24.6,1266.4,One year,No,Bank transfer (automatic)
2834-JKOOW,12.96,Low Risk,0,15,45.9,693.45,One year,DSL,Mailed check
9430-NKQLY,0.0,Low Risk,1,72,25.1,1790.8,Two year,No,Credit card (automatic)
0363-QJVFX,58.23,Medium Risk,2,32,108.15,3432.9,Month-to-month,Fiber optic,Credit card (automatic)
1658-TJVOA,84.36,High Risk,2,6,74.1,450.9,Month-to-month,Fiber optic,Electronic check
6685-GBWJZ,4.74,Low Risk,3,63,70.8,4448.8,One year,DSL,Credit card (automatic)
6328-ZPBGN,84.36,High Risk,2,11,95.15,997.65,Month-to-month,Fiber optic,Bank transfer (automatic)
4003-FUSHP,32.56,Medium Risk,2,19,61.55,1093.2,Month-to-month,DSL,Credit card (automatic)
7690-KPNCU,29.48,Low Risk,3,64,73.05,4688.65,One year,DSL,Credit card (automatic)
2969-WGHQO,16.13,Low Risk,2,7,69.45,477.05,One year,DSL,Electronic check
1855-CFULU,49.6,Medium Risk,0,4,20.05,91.45,Month-to-month,No,Mailed check
9788-YTFGE,32.56,Medium Risk,0,7,19.95,147.5,Month-to-month,No,Mailed check
8266-VBFQL,84.36,High Risk,2,4,90.4,356.65,Month-to-month,Fiber optic,Electronic check
2325-NBPZG,84.36,High Risk,2,3,74.55,233.65,Month-to-month,Fiber optic,Electronic check
9906-NHHVC,0.0,Low Risk,1,65,53.5,3517.9,Two year,DSL,Bank transfer (automatic)
2541-YGPKE,29.48,Low Risk,1,42,63.7,2763.35,One year,DSL,Credit card (automatic)
5049-MUBWG,29.48,Low Risk,2,26,75.0,1908.35,One year,DSL,Bank transfer (automatic)
2332-TODQS,4.74,Low Risk,1,48,25.05,1171.5,One year,No,Credit card (automatic)
4419-UJMUS,16.51,Low Risk,3,69,99.35,6856.45,Two year,Fiber optic,Electronic check
2233-TXSIU,12.96,Low Risk,0,17,44.45,792.15,One year,DSL,Credit card (automatic)
6770-XUAGN,49.6,Medium Risk,0,1,21.0,21.0,Month-to-month,No,Electronic check
2919-HBCJO,84.36,High Risk,2,4,76.65,333.6,Month-to-month,Fiber optic,Bank transfer (automatic)
9508-ILZDG,72.94,High Risk,2,34,96.35,3190.25,Month-to-month,Fiber optic,Electronic check
5442-BHQNG,84.36,High Risk,2,2,70.35,139.25,Month-to-month,Fiber optic,Electronic check
7250-EQKIY,72.5,High Risk,0,1,50.45,50.45,Month-to-month,DSL,Mailed check
6838-HVLXG,32.56,Medium Risk,0,12,20.3,246.7,Month-to-month,No,Mailed check
9767-FFLEM,58.23,Medium Risk,2,38,69.5,2625.25,Month-to-month,Fiber optic,Credit card (automatic)
2245-ADZFJ,3.53,Low Risk,2,31,80.55,2471.6,Two year,DSL,Bank transfer (automatic)
1150-WFARN,23.78,Low Risk,3,67,108.75,7156.2,Two year,Fiber optic,Credit card (automatic)
9054-FOWNV,72.94,High Risk,2,22,88.75,1885.15,Month-to-month,Fiber optic,Electronic check
7997-EASSD,4.74,Low Risk,3,63,81.2,4965.1,One year,Fiber optic,Credit card (automatic)
7560-QJAVJ,5.97,Low Risk,3,70,79.6,5589.45,Two year,DSL,Bank transfer (automatic)
2668-TZSPS,49.6,Medium Risk,0,1,20.45,20.45,Month-to-month,No,Mailed check
9139-WQQDY,54.82,Medium Risk,3,49,100.45,4941.8,One year,Fiber optic,Mailed check
6726-NNFWD,5.97,Low Risk,3,71,89.45,6435.25,Two year,Fiber optic,Credit card (automatic)
9330-DHBFL,12.96,Low Risk,2,23,66.25,1533.8,One year,DSL,Mailed check
5727-MYATE,5.97,Low Risk,3,72,90.8,6397.6,Two year,DSL,Credit card (automatic)
2824-DXNKN,5.97,Low Risk,3,72,71.45,5025.85,Two year,DSL,Bank transfer (automatic)
6166-ILMNY,84.36,High Risk,2,2,69.75,144.55,Month-to-month,Fiber optic,Bank transfer (automatic)
5236-XMZJY,32.56,Medium Risk,1,42,59.65,2536.55,Month-to-month,DSL,Bank transfer (automatic)
1709-EJDOX,3.53,Low Risk,1,47,19.75,948.9,Two year,No,Mailed check
4962-CHQPW,4.74,Low Risk,0,29,19.85,535.05,One year,No,Mailed check
0301-FIDRB,5.97,Low Risk,3,72,63.8,4684.3,Two year,DSL,Bank transfer (automatic)
1820-TQVEV,94.22,High Risk,2,1,69.55,69.55,Month-to-month,Fiber optic,Electronic check
9115-YQHGA,32.56,Medium Risk,1,40,51.1,2092.9,Month-to-month,DSL,Electronic check
1541-ETJZO,72.5,High Risk,2,1,62.05,62.05,Month-to-month,DSL,Mailed check
6230-BSUXY,94.22,High Risk,2,1,85.0,85.0,Month-to-month,Fiber optic,Electronic check
6797-LNAQX,5.97,Low Risk,3,70,98.3,6859.5,Two year,Fiber optic,Bank transfer (automatic)
9588-YRFHY,3.53,Low Risk,1,49,19.9,1022.6,Two year,No,Credit card (automatic)
1092-GANHU,72.94,High Risk,2,17,76.65,1313.55,Month-to-month,Fiber optic,Electronic check
5951-AOFIH,32.56,Medium Risk,2,33,66.4,2245.4,Month-to-month,DSL,Credit card (automatic)
7029-RPUAV,58.23,Medium Risk,2,17,100.45,1622.45,Month-to-month,Fiber optic,Credit card (automatic)
4700-UBQMV,29.48,Low Risk,2,21,75.9,1549.75,One year,DSL,Bank transfer (automatic)
3594-UVONA,29.48,Low Risk,2,35,85.95,3110.1,One year,DSL,Credit card (automatic)
7750-EYXWZ,58.06,Medium Risk,2,12,60.65,743.3,One year,DSL,Electronic check
7054-ENNGU,32.56,Medium Risk,0,9,50.85,466.6,Month-to-month,DSL,Mailed check
0402-OAMEN,0.0,Low Risk,1,72,24.45,1709.1,Two year,No,Bank transfer (automatic)
2195-VVRJF,32.56,Medium Risk,2,18,59.1,1011.05,Month-to-month,DSL,Credit card (automatic)
8819-ZBYNA,23.78,Low Risk,3,58,109.1,6393.65,Two year,Fiber optic,Credit card (automatic)
7748-UMTRK,72.94,High Risk,2,30,101.3,2974.5,Month-to-month,Fiber optic,Electronic check
1741-WTPON,23.78,Low Risk,3,56,115.85,6567.9,Two year,Fiber optic,Mailed check
7209-JCUDS,84.36,High Risk,2,10,94.9,1048.85,Month-to-month,Fiber optic,Electronic check
2485-ITVKB,72.5,High Risk,0,2,35.1,68.75,Month-to-month,DSL,Electronic check
9648-BCHKM,3.53,Low Risk,0,18,24.65,471.35,Two year,No,Credit card (automatic)
0743-HRVFF,29.48,Low Risk,1,51,56.15,2898.95,One year,DSL,Electronic check
2522-AHJXR,58.23,Medium Risk,3,60,109.45,6572.85,Month-to-month,Fiber optic,Bank transfer (automatic)
9143-CANJF,32.56,Medium Risk,2,24,55.15,1319.85,Month-to-month,DSL,Electronic check
1444-VVSGW,36.75,Medium Risk,3,70,115.65,7968.85,One year,Fiber optic,Credit card (automatic)
6898-MDLZW,32.56,Medium Risk,0,12,53.75,648.65,Month-to-month,DSL,Mailed check
0074-HDKDG,12.96,Low Risk,2,25,61.6,1611.0,One year,DSL,Bank transfer (automatic)
3982-JGSFD,4.74,Low Risk,1,36,20.35,695.85,One year,No,Credit card (automatic)
7928-VJYAB,84.36,High Risk,2,11,90.6,1020.2,Month-to-month,Fiber optic,Electronic check
1522-VVDMG,84.36,High Risk,2,7,89.75,608.8,Month-to-month,Fiber optic,Electronic check
2665-NPTGL,58.23,Medium Risk,2,26,98.1,2510.7,Month-to-month,Fiber optic,Bank transfer (automatic)
8728-SKJLR,72.94,High Risk,2,41,74.25,3089.1,Month-to-month,Fiber optic,Electronic check
7733-UDMTP,53.35,Medium Risk,1,57,55.0,3094.05,Month-to-month,DSL,Electronic check
0431-APWVY,29.48,Low Risk,2,28,90.1,2598.95,One year,Fiber optic,Bank transfer (automatic)
5081-NWSUP,58.06,Medium Risk,2,10,64.9,685.55,One year,DSL,Mailed check
2746-DIJLO,4.74,Low Risk,1,41,56.3,2364.0,One year,DSL,Credit card (automatic)
7277-OZCGZ,72.94,High Risk,2,22,89.05,1886.25,Month-to-month,Fiber optic,Electronic check
5236-PERKL,47.99,Medium Risk,3,57,112.95,6465.0,Two year,Fiber optic,Bank transfer (automatic)
2788-CJQAQ,12.96,Low Risk,0,13,19.45,270.2,One year,No,Mailed check
3096-WPXBT,54.82,Medium Risk,3,61,100.7,6018.65,One year,Fiber optic,Credit card (automatic)
9962-BFPDU,49.6,Medium Risk,0,1,20.05,20.05,Month-to-month,No,Mailed check
2892-GESUL,3.53,Low Risk,0,18,19.35,309.25,Two year,No,Mailed check
9741-YLNTD,84.36,High Risk,2,6,87.95,522.35,Month-to-month,Fiber optic,Bank transfer (automatic)
1205-WNWPJ,32.56,Medium Risk,2,7,59.5,415.95,Month-to-month,DSL,Mailed check
3173-NVMPX,32.56,Medium Risk,0,9,55.3,501.2,Month-to-month,DSL,Mailed check
9661-MHUMO,72.5,High Risk,0,1,49.25,49.25,Month-to-month,DSL,Credit card (automatic)
6000-APYLU,84.36,High Risk,2,9,80.8,713.1,Month-to-month,Fiber optic,Electronic check
0048-PIHNL,4.74,Low Risk,1,49,20.45,900.9,One year,No,Bank transfer (automatic)
9420-LOJKX,58.23,Medium Risk,2,15,99.1,1426.4,Month-to-month,Fiber optic,Credit card (automatic)
7061-OVMIM,4.74,Low Risk,0,30,19.55,608.5,One year,No,Bank transfer (automatic)
5671-RQRLP,5.97,Low Risk,3,70,75.65,5411.4,Two year,Fiber optic,Credit card (automatic)
5129-JLPIS,72.94,High Risk,2,25,105.5,2686.05,Month-to-month,Fiber optic,Electronic check
5170-PTRKA,4.74,Low Risk,1,49,35.8,1782.0,One year,DSL,Credit card (automatic)
4819-HJPIW,53.35,Medium Risk,0,18,25.15,476.8,Month-to-month,DSL,Mailed check
8780-RSYYU,32.56,Medium Risk,0,25,19.2,532.1,Month-to-month,No,Credit card (automatic)
2335-GSODA,3.53,Low Risk,0,23,40.1,857.75,Two year,DSL,Mailed check
5696-CEIQJ,5.97,Low Risk,3,67,103.15,6895.5,Two year,Fiber optic,Bank transfer (automatic)
6169-PPETC,3.53,Low Risk,1,35,20.5,759.35,Two year,No,Bank transfer (automatic)
4237-RLAQD,72.5,High Risk,0,1,45.85,45.85,Month-to-month,DSL,Mailed check
7359-WWYJV,0.0,Low Risk,3,72,114.45,8375.05,Two year,Fiber optic,Credit card (automatic)
8620-RJPZN,49.6,Medium Risk,0,1,20.7,20.7,Month-to-month,No,Electronic check
7426-WEIJX,72.94,High Risk,3,60,80.95,4859.1,Month-to-month,Fiber optic,Electronic check
7629-WIXZF,58.06,Medium Risk,2,7,59.1,369.25,One year,DSL,Electronic check
2616-FLVQC,0.0,Low Risk,1,64,19.55,1240.15,Two year,No,Mailed check
9163-GHAYE,32.56,Medium Risk,0,15,48.85,736.8,Month-to-month,DSL,Electronic check
4464-JCOLN,12.96,Low Risk,0,2,19.85,35.9,One year,No,Mailed check
2971-SGAFL,32.56,Medium Risk,2,13,78.75,995.35,Month-to-month,DSL,Electronic check
4735-ASGMA,72.94,High Risk,2,26,98.35,2515.3,Month-to-month,Fiber optic,Electronic check
5245-VDBUR,4.74,Low Risk,1,52,35.45,1958.95,One year,DSL,Mailed check
1493-AMTIE,49.6,Medium Risk,0,1,20.2,20.2,Month-to-month,No,Bank transfer (automatic)
1112-CUNAO,72.94,High Risk,2,15,89.85,1424.95,Month-to-month,Fiber optic,Electronic check
7571-YXDAD,84.36,High Risk,2,2,74.9,147.15,Month-to-month,Fiber optic,Credit card (automatic)
8714-EUHJO,72.94,High Risk,2,31,91.15,2995.45,Month-to-month,Fiber optic,Electronic check
9040-KZVWO,4.74,Low Risk,2,26,75.5,2018.1,One year,Fiber optic,Bank transfer (automatic)
6713-OKOMC,53.35,Medium Risk,0,10,29.75,301.9,Month-to-month,DSL,Mailed check
8749-CLJXC,49.6,Medium Risk,0,1,20.05,20.05,Month-to-month,No,Mailed check
4713-LZDRV,84.36,High Risk,2,2,79.6,195.05,Month-to-month,Fiber optic,Electronic check
6598-RFFVI,12.96,Low Risk,0,2,19.3,28.3,One year,No,Credit card (automatic)
7470-MCQTK,53.35,Medium Risk,0,13,48.75,633.4,Month-to-month,DSL,Bank transfer (automatic)
5524-KHNJP,29.48,Low Risk,2,33,74.75,2453.3,One year,DSL,Credit card (automatic)
1707-HABPF,4.74,Low Risk,3,46,91.3,4126.35,One year,Fiber optic,Bank transfer (automatic)
4581-LNWUM,53.35,Medium Risk,0,13,49.15,649.4,Month-to-month,DSL,Electronic check
9710-ZUSHQ,58.23,Medium Risk,3,37,106.75,4056.75,Month-to-month,Fiber optic,Bank transfer (automatic)
1697-LYYYX,4.74,Low Risk,1,61,19.1,1143.8,One year,No,Credit card (automatic)
4013-GUXND,49.6,Medium Risk,0,1,20.8,20.8,Month-to-month,No,Mailed check
5022-JNQEQ,84.36,High Risk,2,9,75.85,647.5,Month-to-month,Fiber optic,Electronic check
4983-CCWMC,84.36,High Risk,2,3,69.6,207.4,Month-to-month,Fiber optic,Mailed check
6345-FZOQH,0.0,Low Risk,1,69,19.9,1363.45,Two year,No,Mailed check
0962-CQPWQ,0.0,Low Risk,1,62,20.3,1296.15,Two year,No,Bank transfer (automatic)
5495-GPSRW,3.53,Low Risk,0,20,19.7,419.4,Two year,No,Mailed check
2252-JHJGE,54.82,Medium Risk,3,61,104.0,6363.45,One year,Fiber optic,Electronic check
7356-AYNJP,16.13,Low Risk,0,4,23.9,97.5,One year,No,Electronic check
2019-HDCZY,16.51,Low Risk,3,63,102.6,6296.75,Two year,Fiber optic,Electronic check
8582-KRHPJ,53.35,Medium Risk,1,50,35.0,1782.4,Month-to-month,DSL,Mailed check
2867-UIMSS,94.22,High Risk,2,1,80.5,80.5,Month-to-month,Fiber optic,Electronic check
3487-EARAT,29.48,Low Risk,3,70,74.1,5222.3,One year,DSL,Credit card (automatic)
9926-PJHDQ,5.97,Low Risk,3,72,76.8,5468.45,Two year,DSL,Bank transfer (automatic)
0289-IVARM,32.56,Medium Risk,2,35,60.55,1982.6,Month-to-month,DSL,Electronic check
4672-FOTSD,32.56,Medium Risk,2,12,67.25,832.3,Month-to-month,DSL,Electronic check
6198-PNNSZ,54.82,Medium Risk,3,56,109.8,6109.65,One year,Fiber optic,Bank transfer (automatic)
7603-USHJS,84.36,High Risk,2,12,73.75,871.4,Month-to-month,Fiber optic,Credit card (automatic)
6784-XYJAE,16.13,Low Risk,1,36,55.8,1941.5,One year,DSL,Electronic check
3858-XHYJO,54.82,Medium Risk,3,40,105.75,4228.55,One year,Fiber optic,Bank transfer (automatic)
1087-UDSIH,49.6,Medium Risk,0,3,19.6,59.75,Month-to-month,No,Mailed check
7251-LJBQN,54.82,Medium Risk,3,40,103.75,4188.4,One year,Fiber optic,Credit card (automatic)
3200-MNQTF,5.97,Low Risk,3,67,70.9,4677.1,Two year,DSL,Credit card (automatic)
9359-UGBTK,29.48,Low Risk,3,67,72.35,4991.5,One year,DSL,Bank transfer (automatic)
8160-HOWOX,32.56,Medium Risk,2,7,66.85,458.1,Month-to-month,DSL,Electronic check
0258-NOKBL,84.36,High Risk,2,3,90.4,268.45,Month-to-month,Fiber optic,Electronic check
2800-QQUSO,72.94,High Risk,3,42,100.3,4222.95,Month-to-month,Fiber optic,Electronic check
2129-ALKBS,32.56,Medium Risk,1,40,26.2,1077.5,Month-to-month,No,Electronic check
9972-VAFJJ,53.11,Medium Risk,3,53,94.0,4871.45,One year,Fiber optic,Electronic check
4693-VWVBO,49.6,Medium Risk,0,3,19.55,61.05,Month-to-month,No,Electronic check
6969-MVBAI,84.36,High Risk,2,9,90.1,816.8,Month-to-month,Fiber optic,Electronic check
4821-WQOYN,0.0,Low Risk,1,72,20.1,1326.25,Two year,No,Credit card (automatic)
6769-DYBQN,72.94,High Risk,3,46,85.0,3969.4,Month-to-month,Fiber optic,Electronic check
4018-PPNDW,0.0,Low Risk,1,61,24.1,1551.6,Two year,No,Mailed check
6288-CHQJB,3.53,Low Risk,3,54,69.95,3871.85,Two year,DSL,Bank transfer (automatic)
4905-JEFDW,16.13,Low Risk,0,11,41.6,470.6,One year,DSL,Electronic check
0559-CKHUS,3.53,Low Risk,0,29,19.55,521.8,Two year,No,Mailed check
2659-VXMWZ,36.75,Medium Risk,3,67,111.3,7482.1,One year,Fiber optic,Electronic check
6559-RAKOZ,29.48,Low Risk,3,49,97.95,4917.9,One year,Fiber optic,Electronic check
8809-XKHMD,5.97,Low Risk,3,72,100.55,7325.1,Two year,Fiber optic,Bank transfer (automatic)
6365-HITVU,5.97,Low Risk,3,71,87.25,6328.7,Two year,DSL,Credit card (automatic)
0134-XWXCE,29.48,Low Risk,3,44,74.85,3268.05,One year,DSL,Bank transfer (automatic)
9720-JJJOR,4.74,Low Risk,1,41,60.3,2511.3,One year,DSL,Bank transfer (automatic)
2782-LFZVW,32.56,Medium Risk,2,11,58.95,601.6,Month-to-month,DSL,Mailed check
6112-KTHFQ,32.56,Medium Risk,0,13,19.3,279.3,Month-to-month,No,Mailed check
9220-ZNKJI,5.97,Low Risk,3,55,88.8,4805.3,Two year,Fiber optic,Credit card (automatic)
9820-RMCQV,32.56,Medium Risk,0,11,48.55,501.0,Month-to-month,DSL,Credit card (automatic)
9013-AQORL,53.35,Medium Risk,1,48,45.55,2108.35,Month-to-month,DSL,Credit card (automatic)
2040-OBMLJ,4.74,Low Risk,2,31,81.7,2548.65,One year,Fiber optic,Credit card (automatic)
5574-NXZIU,47.99,Medium Risk,3,63,109.2,7049.75,Two year,Fiber optic,Credit card (automatic)
5446-DKWYW,16.13,Low Risk,3,61,65.2,3965.05,One year,DSL,Electronic check
0480-KYJVA,0.0,Low Risk,1,72,24.25,1784.5,Two year,No,Credit card (automatic)
1074-AMIOH,58.23,Medium Risk,3,53,108.25,5935.1,Month-to-month,Fiber optic,Bank transfer (automatic)
0015-UOCOJ,32.56,Medium Risk,0,7,48.2,340.35,Month-to-month,DSL,Electronic check
0256-LTHVJ,72.94,High Risk,2,28,81.05,2227.1,Month-to-month,Fiber optic,Electronic check
4547-LYTDD,72.94,High Risk,2,16,72.65,1194.3,Month-to-month,Fiber optic,Electronic check
1077-HUUJM,84.36,High Risk,2,7,71.05,472.65,Month-to-month,Fiber optic,Electronic check
2041-JIJCI,72.5,High Risk,2,5,64.0,370.25,Month-to-month,DSL,Electronic check
1555-HAPSU,0.0,Low Risk,1,71,23.9,1663.5,Two year,No,Credit card (automatic)
4323-SADQS,53.35,Medium Risk,0,7,34.5,279.25,Month-to-month,DSL,Electronic check
3292-PBZEJ,84.36,High Risk,2,11,111.4,1183.05,Month-to-month,Fiber optic,Electronic check
6203-HBZPA,3.53,Low Risk,1,52,63.9,3334.95,Two year,DSL,Credit card (automatic)
9755-JHNMN,3.53,Low Risk,1,49,67.4,3306.85,Two year,DSL,Bank transfer (automatic)
7369-TRPFD,12.96,Low Risk,0,19,18.8,279.2,One year,No,Mailed check
9878-TNQGW,84.36,High Risk,2,2,80.95,171.15,Month-to-month,Fiber optic,Electronic check
2279-AXJJK,58.23,Medium Risk,3,52,95.65,5088.4,Month-to-month,Fiber optic,Credit card (automatic)
5016-IBERQ,72.94,High Risk,2,23,84.25,1968.1,Month-to-month,Fiber optic,Electronic check
1016-DJTSV,84.36,High Risk,2,8,69.7,572.85,Month-to-month,Fiber optic,Electronic check
8433-WPJTV,36.75,Medium Risk,3,65,103.9,6767.1,One year,Fiber optic,Bank transfer (automatic)
8903-XEBGX,72.5,High Risk,0,2,55.3,108.65,Month-to-month,DSL,Electronic check
2632-TACXW,0.0,Low Risk,1,62,23.65,1416.75,Two year,No,Bank transfer (automatic)
7952-OBOYL,84.36,High Risk,2,3,89.85,244.45,Month-to-month,Fiber optic,Mailed check
1470-PSXNM,53.11,Medium Risk,3,49,93.65,4520.15,One year,Fiber optic,Electronic check
6227-HWPWX,58.23,Medium Risk,2,15,69.0,994.8,Month-to-month,Fiber optic,Bank transfer (automatic)
5924-SNGKP,4.74,Low Risk,1,41,20.25,865.0,One year,No,Credit card (automatic)
8818-DOPVL,72.94,High Risk,3,46,104.45,4863.85,Month-to-month,Fiber optic,Electronic check
4521-WFJAI,3.53,Low Risk,1,56,25.95,1444.05,Two year,No,Bank transfer (automatic)
4724-WXVWF,72.94,High Risk,3,48,95.4,4445.3,Month-to-month,Fiber optic,Electronic check
3717-OEAUQ,84.36,High Risk,2,2,70.7,129.2,Month-to-month,Fiber optic,Mailed check
8165-ZJRNM,0.0,Low Risk,1,72,23.75,1679.25,Two year,No,Bank transfer (automatic)
7838-LAZFO,29.48,Low Risk,3,45,78.8,3597.5,One year,DSL,Bank transfer (automatic)
0513-RBGPE,3.53,Low Risk,2,37,62.8,2278.75,Two year,DSL,Credit card (automatic)
7251-XFOIL,58.23,Medium Risk,3,61,89.2,5500.6,Month-to-month,Fiber optic,Mailed check
2525-GVKQU,0.0,Low Risk,1,60,20.6,1093.0,Two year,No,Mailed check
7579-OOPEC,72.5,High Risk,0,2,50.15,115.1,Month-to-month,DSL,Credit card (automatic)
3795-GWTRD,5.97,Low Risk,3,63,75.55,4707.85,Two year,DSL,Credit card (automatic)
4750-ZRXIU,84.36,High Risk,2,4,84.6,360.1,Month-to-month,Fiber optic,Electronic check
5445-PZWGX,36.75,Medium Risk,3,62,102.0,6529.25,One year,Fiber optic,Electronic check
0516-UXRMT,53.11,Medium Risk,3,62,92.05,5755.8,One year,Fiber optic,Electronic check
0727-BNRLG,5.97,Low Risk,3,69,97.65,6743.55,Two year,Fiber optic,Credit card (automatic)
3932-CMDTD,54.82,Medium Risk,2,4,105.65,443.9,One year,Fiber optic,Electronic check
1264-FUHCX,29.48,Low Risk,1,49,56.3,2780.6,One year,DSL,Credit card (automatic)
6194-HBGQN,4.74,Low Risk,3,51,81.15,4126.2,One year,DSL,Credit card (automatic)
4524-QCSSM,53.35,Medium Risk,0,26,44.65,1156.55,Month-to-month,DSL,Bank transfer (automatic)
4570-QHXHL,32.56,Medium Risk,0,9,43.75,405.7,Month-to-month,DSL,Electronic check
2972-YDYUW,29.48,Low Risk,3,57,94.7,5468.95,One year,Fiber optic,Electronic check
2061-VVFST,32.56,Medium Risk,1,37,19.5,805.2,Month-to-month,No,Bank transfer (automatic)
6874-SGLHU,29.48,Low Risk,2,30,97.0,3021.3,One year,Fiber optic,Bank transfer (automatic)
9844-FELAJ,36.75,Medium Risk,3,70,107.9,7475.85,One year,Fiber optic,Electronic check
1902-XBTFB,72.94,High Risk,2,22,89.4,2001.5,Month-to-month,Fiber optic,Electronic check
9039-RBEEE,53.35,Medium Risk,1,39,48.95,1880.85,Month-to-month,DSL,Credit card (automatic)
9369-XFEHK,58.23,Medium Risk,2,33,80.6,2656.5,Month-to-month,Fiber optic,Bank transfer (automatic)
3680-CTHUH,36.75,Medium Risk,3,60,116.6,7049.5,One year,Fiber optic,Credit card (automatic)
3679-XASPY,49.6,Medium Risk,0,1,19.45,19.45,Month-to-month,No,Electronic check
9089-UOWJG,32.56,Medium Risk,2,12,58.35,740.55,Month-to-month,DSL,Credit card (automatic)
1574-DYCWE,3.53,Low Risk,1,51,19.95,1028.75,Two year,No,Mailed check
9779-DPNEJ,72.94,High Risk,2,22,80.15,1790.65,Month-to-month,Fiber optic,Electronic check
2967-MXRAV,12.96,Low Risk,0,1,18.8,18.8,One year,No,Mailed check
0327-WFZSY,54.82,Medium Risk,3,39,100.0,3835.55,One year,Fiber optic,Electronic check
1731-TVIUK,84.36,High Risk,2,4,93.5,362.2,Month-to-month,Fiber optic,Electronic check
7666-WKRON,0.0,Low Risk,2,39,80.45,3201.55,Two year,Fiber optic,Electronic check
3865-ZYKAD,58.23,Medium Risk,3,69,84.9,5785.65,Month-to-month,Fiber optic,Credit card (automatic)
1465-LNTLJ,32.56,Medium Risk,2,8,64.4,581.7,Month-to-month,DSL,Credit card (automatic)
2696-RZVZW,0.0,Low Risk,1,68,25.05,1629.2,Two year,No,Credit card (automatic)
0685-MLYYM,84.36,High Risk,2,2,70.75,154.85,Month-to-month,Fiber optic,Electronic check
2778-OCLGR,53.35,Medium Risk,0,24,39.1,971.3,Month-to-month,DSL,Bank transfer (automatic)
3982-XWFZQ,32.56,Medium Risk,1,42,50.25,2203.65,Month-to-month,DSL,Electronic check
4759-PXTAN,29.48,Low Risk,3,59,80.1,4693.2,One year,DSL,Electronic check
1448-PWKYE,94.22,High Risk,2,1,80.0,80.0,Month-to-month,Fiber optic,Electronic check
8741-LQOBK,53.35,Medium Risk,1,46,35.05,1620.25,Month-to-month,DSL,Bank transfer (automatic)
8650-RHRKE,72.5,High Risk,0,4,29.65,118.5,Month-to-month,DSL,Electronic check
7266-GSSJX,32.56,Medium Risk,0,11,20.45,250.8,Month-to-month,No,Electronic check
1265-HVPZB,4.74,Low Risk,3,59,66.4,3958.2,One year,DSL,Credit card (automatic)
9640-ZSLDC,29.48,Low Risk,1,53,60.6,3297.0,One year,DSL,Credit card (automatic)
0988-JRWWP,72.5,High Risk,0,3,54.2,140.4,Month-to-month,DSL,Electronic check
1926-QUZNN,0.0,Low Risk,1,72,25.25,1841.2,Two year,No,Bank transfer (automatic)
9025-ZRPVR,32.56,Medium Risk,0,9,18.95,185.6,Month-to-month,No,Mailed check
6527-PZFPV,12.96,Low Risk,0,24,20.8,469.65,One year,No,Credit card (automatic)
7460-ITWWP,72.94,High Risk,3,45,86.1,3861.45,Month-to-month,Fiber optic,Electronic check
1530-ZTDOZ,53.35,Medium Risk,1,49,40.65,2070.75,Month-to-month,DSL,Bank transfer (automatic)
4785-FCIFB,0.0,Low Risk,1,61,24.4,1417.9,Two year,No,Mailed check
9717-QEBGU,84.36,High Risk,2,2,70.3,144.0,Month-to-month,Fiber optic,Electronic check
0876-WDUUZ,84.36,High Risk,2,5,85.4,425.9,Month-to-month,Fiber optic,Credit card (automatic)
7881-EVUAD,72.5,High Risk,0,2,42.6,72.4,Month-to-month,DSL,Electronic check
4002-BQWPQ,32.56,Medium Risk,2,25,81.75,2028.8,Month-to-month,DSL,Bank transfer (automatic)
6377-WHAOX,72.94,High Risk,3,60,106.15,6411.25,Month-to-month,Fiber optic,Electronic check
5027-YOCXN,54.82,Medium Risk,3,51,110.05,5686.4,One year,Fiber optic,Credit card (automatic)
8450-JOVAH,72.5,High Risk,0,2,56.7,113.55,Month-to-month,DSL,Mailed check
6646-QVXLR,54.82,Medium Risk,3,62,103.75,6383.35,One year,Fiber optic,Electronic check
0254-KCJGT,29.48,Low Risk,3,52,81.4,4354.45,One year,DSL,Credit card (automatic)
3442-ZHHCC,29.48,Low Risk,3,68,76.9,5023.0,One year,DSL,Credit card (automatic)
9167-APMXZ,58.23,Medium Risk,2,22,84.15,1821.95,Month-to-month,Fiber optic,Bank transfer (automatic)
0616-ATFGB,72.5,High Risk,0,1,25.05,25.05,Month-to-month,DSL,Electronic check
7273-TEFQD,72.5,High Risk,0,3,41.15,132.2,Month-to-month,DSL,Electronic check
8245-UMPYT,72.94,High Risk,2,16,96.4,1581.2,Month-to-month,Fiber optic,Electronic check
6022-UGGSO,72.94,High Risk,2,32,74.4,2276.95,Month-to-month,Fiber optic,Electronic check
6292-TOSSS,3.53,Low Risk,1,50,24.9,1195.25,Two year,No,Bank transfer (automatic)
5207-PLSTK,72.5,High Risk,0,1,48.75,48.75,Month-to-month,DSL,Mailed check
3908-BLSYF,84.36,High Risk,2,6,83.9,497.55,Month-to-month,Fiber optic,Electronic check
4317-VTEOA,72.5,High Risk,0,1,50.75,50.75,Month-to-month,DSL,Electronic check
0625-AFOHS,3.53,Low Risk,0,29,20.2,558.8,Two year,No,Mailed check
4667-OHGKG,49.6,Medium Risk,0,1,19.3,19.3,Month-to-month,No,Mailed check
2386-OWURY,72.94,High Risk,3,58,95.3,5817.7,Month-to-month,Fiber optic,Electronic check
3780-DDGSE,32.56,Medium Risk,2,35,76.05,2747.2,Month-to-month,DSL,Electronic check
1047-RNXZV,3.53,Low Risk,1,43,19.55,876.15,Two year,No,Mailed check
3926-YZVVX,4.74,Low Risk,1,41,50.05,2029.05,One year,DSL,Bank transfer (automatic)
4742-TXUEX,3.53,Low Risk,1,47,19.3,890.5,Two year,No,Bank transfer (automatic)
8709-KRDVL,72.94,High Risk,2,33,100.0,3320.6,Month-to-month,Fiber optic,Electronic check
0397-ZXWQF,0.0,Low Risk,1,67,20.5,1430.95,Two year,No,Bank transfer (automatic)
3910-MRQOY,0.0,Low Risk,1,72,19.4,1496.45,Two year,No,Bank transfer (automatic)
2511-MORQY,4.74,Low Risk,1,50,54.9,2614.1,One year,DSL,Bank transfer (automatic)
4039-PIMHX,3.53,Low Risk,1,49,49.8,2398.4,Two year,DSL,Mailed check
8083-YTZES,84.36,High Risk,2,4,74.35,265.35,Month-to-month,Fiber optic,Electronic check
1346-PJWTK,58.23,Medium Risk,3,61,94.15,5731.85,Month-to-month,Fiber optic,Credit card (automatic)
3750-YHRYO,12.96,Low Risk,0,7,20.65,150.0,One year,No,Mailed check
1236-WFCDV,58.23,Medium Risk,2,14,90.45,1266.1,Month-to-month,Fiber optic,Credit card (automatic)
5949-HGVJL,32.56,Medium Risk,2,26,73.05,1959.5,Month-to-month,DSL,Electronic check
9112-WSNPU,72.94,High Risk,2,35,70.55,2419.0,Month-to-month,Fiber optic,Electronic check
1360-JYXKQ,29.48,Low Risk,3,54,99.1,5437.1,One year,Fiber optic,Electronic check
3585-ISXZP,84.36,High Risk,2,8,95.65,778.1,Month-to-month,Fiber optic,Bank transfer (automatic)
8380-PEFPE,94.22,High Risk,2,1,71.65,71.65,Month-to-month,Fiber optic,Electronic check
9402-ROUMJ,36.75,Medium Risk,3,67,100.25,6689.0,One year,Fiber optic,Bank transfer (automatic)
4335-UPJSI,3.53,Low Risk,0,24,19.75,498.1,Two year,No,Mailed check
6096-EGVTU,4.74,Low Risk,1,64,24.9,1595.5,One year,No,Mailed check
8988-ECPJR,58.23,Medium Risk,2,34,79.6,2718.3,Month-to-month,Fiber optic,Mailed check
7677-SJJJK,12.96,Low Risk,0,8,19.9,153.95,One year,No,Credit card (automatic)
5850-BDWCY,32.56,Medium Risk,0,6,20.2,123.65,Month-to-month,No,Mailed check
2025-JKFWI,84.36,High Risk,2,13,99.0,1301.7,Month-to-month,Fiber optic,Mailed check
8028-PNXHQ,0.0,Low Risk,1,62,24.25,1424.6,Two year,No,Bank transfer (automatic)
8397-MVTAZ,72.94,High Risk,2,34,100.05,3480.0,Month-to-month,Fiber optic,Electronic check
4445-ZJNMU,84.36,High Risk,2,9,99.3,918.75,Month-to-month,Fiber optic,Credit card (automatic)
3125-RAHBV,12.96,Low Risk,0,22,20.3,467.15,One year,No,Credit card (automatic)
6682-QJDGB,32.56,Medium Risk,1,40,55.25,2139.2,Month-to-month,DSL,Mailed check
8840-DQLGN,58.23,Medium Risk,3,35,100.5,3653.35,Month-to-month,Fiber optic,Bank transfer (automatic)
6258-NGCNG,32.56,Medium Risk,0,7,23.5,173.0,Month-to-month,No,Mailed check
5917-RYRMG,4.74,Low Risk,0,32,19.8,587.7,One year,No,Credit card (automatic)
7157-SMCFK,0.0,Low Risk,1,61,19.75,1124.2,Two year,No,Mailed check
0816-TSPHQ,49.6,Medium Risk,0,2,20.75,44.2,Month-to-month,No,Mailed check
6766-HFKLA,5.97,Low Risk,3,56,103.2,5744.35,Two year,Fiber optic,Bank transfer (automatic)
7067-KSAZT,36.75,Medium Risk,3,65,106.25,6979.8,One year,Fiber optic,Electronic check
5155-AZQPB,32.56,Medium Risk,0,28,49.9,1410.25,Month-to-month,DSL,Mailed check
6890-PFRQX,32.56,Medium Risk,2,18,69.5,1199.4,Month-to-month,DSL,Mailed check
3508-VLHCZ,5.97,Low Risk,3,71,90.55,6239.05,Two year,DSL,Credit card (automatic)
3649-JPUGY,5.97,Low Risk,3,72,88.6,6201.95,Two year,DSL,Bank transfer (automatic)
9248-OJYKK,94.22,High Risk,2,1,76.45,76.45,Month-to-month,Fiber optic,Electronic check
7239-HZZCX,49.6,Medium Risk,0,1,19.75,19.75,Month-to-month,No,Mailed check
9860-LISIZ,32.56,Medium Risk,0,34,20.35,673.2,Month-to-month,No,Mailed check
6979-ZNSFF,84.36,High Risk,2,8,87.05,762.1,Month-to-month,Fiber optic,Electronic check
8938-UMKPI,72.94,High Risk,3,47,106.4,5127.95,Month-to-month,Fiber optic,Electronic check
1820-DJFPH,0.0,Low Risk,1,72,24.05,1709.15,Two year,No,Bank transfer (automatic)
0732-OCQOC,3.53,Low Risk,1,52,25.05,1270.25,Two year,No,Bank transfer (automatic)
6776-TLWOI,49.6,Medium Risk,0,3,19.85,64.55,Month-to-month,No,Mailed check
4940-KHCWD,0.0,Low Risk,1,60,37.7,2288.7,Two year,DSL,Bank transfer (automatic)
9057-SIHCH,84.36,High Risk,2,3,96.6,291.9,Month-to-month,Fiber optic,Electronic check
9866-QEVEE,58.23,Medium Risk,2,19,86.0,1532.45,Month-to-month,Fiber optic,Bank transfer (automatic)
5542-TBBWB,94.22,High Risk,2,1,69.9,69.9,Month-to-month,Fiber optic,Electronic check
4587-VVTOX,84.36,High Risk,2,6,105.3,545.2,Month-to-month,Fiber optic,Electronic check
6322-HRPFA,32.56,Medium Risk,1,49,59.6,2970.3,Month-to-month,DSL,Credit card (automatic)
6284-AHOOQ,58.23,Medium Risk,2,22,90.5,1910.6,Month-to-month,Fiber optic,Bank transfer (automatic)
4530-NDRKU,16.13,Low Risk,1,42,19.05,761.85,One year,No,Electronic check
1751-NCDLI,72.94,High Risk,3,46,98.85,4564.9,Month-to-month,Fiber optic,Electronic check
3893-JRNFS,53.35,Medium Risk,1,68,39.9,2796.35,Month-to-month,DSL,Bank transfer (automatic)
5857-XRECV,12.96,Low Risk,0,2,20.5,38.25,One year,No,Bank transfer (automatic)
3115-CZMZD,3.53,Low Risk,0,0,20.25,0.0,Two year,No,Mailed check
4489-SNOJF,32.56,Medium Risk,2,35,72.25,2568.55,Month-to-month,DSL,Electronic check
1051-GEJLJ,49.6,Medium Risk,0,2,19.5,27.55,Month-to-month,No,Mailed check
3563-SVYLG,0.0,Low Risk,3,68,62.65,4375.8,Two year,DSL,Credit card (automatic)
4301-VVZKA,72.94,High Risk,2,16,75.4,1189.4,Month-to-month,Fiber optic,Electronic check
9351-HXDMR,0.0,Low Risk,3,72,110.9,8240.85,Two year,Fiber optic,Credit card (automatic)
5161-XEUVX,3.53,Low Risk,3,37,94.3,3460.95,Two year,Fiber optic,Mailed check
3088-FVYWK,3.53,Low Risk,1,53,25.55,1336.1,Two year,No,Credit card (automatic)
9812-GHVRI,58.23,Medium Risk,3,40,83.85,3532.25,Month-to-month,Fiber optic,Bank transfer (automatic)
1370-GGAWX,29.48,Low Risk,3,46,94.15,4408.45,One year,Fiber optic,Electronic check
6023-YEBUP,84.36,High Risk,2,3,100.95,329.95,Month-to-month,Fiber optic,Electronic check
9940-RHLFB,94.22,High Risk,2,1,75.3,75.3,Month-to-month,Fiber optic,Electronic check
4541-RMRLG,32.56,Medium Risk,0,7,19.25,112.3,Month-to-month,No,Electronic check
2606-RMDHZ,53.35,Medium Risk,0,6,30.5,208.7,Month-to-month,DSL,Credit card (automatic)
5575-TPIZQ,58.23,Medium Risk,3,46,89.15,4245.55,Month-to-month,Fiber optic,Credit card (automatic)
9378-FXTIZ,29.48,Low Risk,3,54,70.15,3715.65,One year,DSL,Credit card (automatic)
4631-OACRM,72.94,High Risk,2,15,79.4,1156.1,Month-to-month,Fiber optic,Electronic check
8593-WHYHV,84.36,High Risk,2,3,85.3,264.8,Month-to-month,Fiber optic,Electronic check
1403-GYAFU,0.0,Low Risk,1,70,20.05,1360.25,Two year,No,Credit card (automatic)
7641-TQFHN,3.53,Low Risk,3,39,100.55,3895.35,Two year,Fiber optic,Mailed check
4237-CLSMM,49.6,Medium Risk,0,2,20.0,38.0,Month-to-month,No,Mailed check
4360-PNRQB,58.23,Medium Risk,2,18,75.6,1395.05,Month-to-month,Fiber optic,Bank transfer (automatic)
5334-AFQJB,0.0,Low Risk,1,72,25.1,1789.9,Two year,No,Credit card (automatic)
9308-ANMVE,32.56,Medium Risk,1,47,55.3,2654.05,Month-to-month,DSL,Electronic check
3530-VWVGU,32.56,Medium Risk,0,22,19.9,400.3,Month-to-month,No,Mailed check
4674-HGNUA,5.97,Low Risk,3,71,89.9,6457.15,Two year,DSL,Credit card (automatic)
3030-YDNRM,84.36,High Risk,2,8,74.85,572.45,Month-to-month,Fiber optic,Electronic check
3642-BYHDO,0.0,Low Risk,1,71,19.9,1389.35,Two year,No,Bank transfer (automatic)
0440-UEDAI,29.48,Low Risk,3,53,94.45,5042.75,One year,Fiber optic,Credit card (automatic)
9819-FBNSV,58.23,Medium Risk,2,37,72.25,2575.45,Month-to-month,Fiber optic,Bank transfer (automatic)
9289-LBQVU,29.48,Low Risk,3,64,70.15,4480.7,One year,DSL,Mailed check
4468-YDOVK,72.5,High Risk,0,5,48.65,235.2,Month-to-month,DSL,Bank transfer (automatic)
2001-EWBQU,47.99,Medium Risk,3,60,104.7,6333.8,Two year,Fiber optic,Electronic check
9992-UJOEL,72.5,High Risk,0,2,50.3,92.75,Month-to-month,DSL,Mailed check
8409-WQJUX,29.48,Low Risk,2,25,54.2,1423.15,One year,DSL,Electronic check
3077-RSNTJ,32.56,Medium Risk,0,6,19.7,113.5,Month-to-month,No,Mailed check
6993-YCOBK,23.78,Low Risk,3,60,110.6,6586.85,Two year,Fiber optic,Electronic check
4817-VYYWS,72.94,High Risk,2,30,100.2,2983.8,Month-to-month,Fiber optic,Electronic check
4702-HDRKD,4.74,Low Risk,1,67,49.35,3321.35,One year,DSL,Bank transfer (automatic)
3251-YMVWZ,4.74,Low Risk,1,53,24.05,1301.9,One year,No,Bank transfer (automatic)
4190-MFLUW,32.56,Medium Risk,0,10,55.2,528.35,Month-to-month,DSL,Credit card (automatic)
4678-DVQEO,72.5,High Risk,0,1,52.2,52.2,Month-to-month,DSL,Electronic check
4701-AHWMW,53.35,Medium Risk,1,55,54.55,2978.3,Month-to-month,DSL,Bank transfer (automatic)
2987-BJXIK,5.97,Low Risk,3,70,84.7,5991.05,Two year,DSL,Mailed check
1730-VFMWO,32.56,Medium Risk,1,34,50.2,1815.3,Month-to-month,DSL,Bank transfer (automatic)
1936-UAFEH,47.99,Medium Risk,3,68,110.25,7279.35,Two year,Fiber optic,Credit card (automatic)
5140-FOMCQ,36.75,Medium Risk,3,59,109.15,6557.75,One year,Fiber optic,Credit card (automatic)
8778-LMWTJ,84.36,High Risk,2,9,74.85,708.2,Month-to-month,Fiber optic,Electronic check
9840-DVNDC,84.36,High Risk,2,6,80.5,463.05,Month-to-month,Fiber optic,Credit card (automatic)
8033-VCZGH,54.82,Medium Risk,3,50,103.95,5231.3,One year,Fiber optic,Electronic check
8580-QVLOC,5.97,Low Risk,3,72,92.45,6440.25,Two year,DSL,Credit card (automatic)
6128-AQBMT,53.35,Medium Risk,1,41,53.95,2215.4,Month-to-month,DSL,Electronic check
6257-RJOHI,72.5,High Risk,0,4,50.8,202.3,Month-to-month,DSL,Mailed check
1929-ZCBHE,16.13,Low Risk,1,47,40.3,1794.8,One year,DSL,Electronic check
6242-SGYTS,4.74,Low Risk,3,62,94.95,5791.85,One year,Fiber optic,Credit card (automatic)
7010-ZMVBF,32.56,Medium Risk,0,18,20.45,357.0,Month-to-month,No,Mailed check
3519-ZKXGG,84.36,High Risk,2,3,75.85,256.6,Month-to-month,Fiber optic,Electronic check
5666-MBJPT,0.0,Low Risk,1,65,25.1,1725.0,Two year,No,Bank transfer (automatic)
3313-QKNKB,29.48,Low Risk,3,59,85.55,5084.65,One year,Fiber optic,Electronic check
7581-EBBOU,4.74,Low Risk,3,60,70.15,4224.7,One year,DSL,Credit card (automatic)
1784-BXEFA,32.56,Medium Risk,0,10,20.55,187.35,Month-to-month,No,Mailed check
7492-TAFJD,3.53,Low Risk,0,7,38.55,280.0,Two year,DSL,Mailed check
5213-TWWJU,72.94,High Risk,2,28,91.0,2626.15,Month-to-month,Fiber optic,Electronic check
3312-ZWLGF,72.94,High Risk,2,29,79.3,2414.55,Month-to-month,Fiber optic,Electronic check
2923-ARZLG,12.96,Low Risk,0,0,19.7,0.0,One year,No,Mailed check
7032-LMBHI,4.74,Low Risk,2,37,64.65,2347.85,One year,DSL,Bank transfer (automatic)
8292-ITGYJ,3.53,Low Risk,1,45,24.65,1138.8,Two year,No,Bank transfer (automatic)
9107-UKCKY,29.48,Low Risk,3,61,79.8,4914.8,One year,DSL,Electronic check
6848-HJTXY,0.0,Low Risk,1,64,19.45,1208.6,Two year,No,Credit card (automatic)
4184-VODJZ,29.48,Low Risk,3,63,91.35,5764.7,One year,Fiber optic,Electronic check
4846-WHAFZ,72.94,High Risk,2,37,76.5,2868.15,Month-to-month,Fiber optic,Electronic check
8735-SDUFN,0.0,Low Risk,1,72,24.3,1778.7,Two year,No,Bank transfer (automatic)
0839-JTCUD,5.97,Low Risk,3,66,89.9,5958.85,Two year,DSL,Credit card (automatic)
6857-VWJDT,94.22,High Risk,2,1,95.65,95.65,Month-to-month,Fiber optic,Mailed check
7363-QTBIW,84.36,High Risk,2,9,79.75,769.1,Month-to-month,Fiber optic,Electronic check
6158-HDPXZ,72.5,High Risk,0,1,25.35,25.35,Month-to-month,DSL,Mailed check
5419-CONWX,84.36,High Risk,2,4,99.8,442.85,Month-to-month,Fiber optic,Credit card (automatic)
9286-DOJGF,58.23,Medium Risk,2,38,74.95,2869.85,Month-to-month,Fiber optic,Bank transfer (automatic)
2408-PSJVE,32.56,Medium Risk,1,44,61.9,2924.05,Month-to-month,DSL,Mailed check
2087-QAREY,32.56,Medium Risk,2,22,54.7,1178.75,Month-to-month,DSL,Mailed check
6777-TGHTM,54.82,Medium Risk,3,53,106.95,5785.5,One year,Fiber optic,Credit card (automatic)
6507-ZJSUR,72.94,High Risk,2,23,90.45,2117.25,Month-to-month,Fiber optic,Electronic check
5025-GOOKI,32.56,Medium Risk,0,20,18.9,347.65,Month-to-month,No,Credit card (automatic)
6080-LNESI,3.53,Low Risk,1,51,24.75,1234.6,Two year,No,Mailed check
2236-HILPA,0.0,Low Risk,1,62,20.65,1218.45,Two year,No,Credit card (automatic)
1386-ZIKUV,32.56,Medium Risk,0,7,18.95,130.55,Month-to-month,No,Mailed check
3365-SAIGS,72.94,High Risk,2,17,83.55,1329.15,Month-to-month,Fiber optic,Electronic check
6061-GWWAV,4.74,Low Risk,2,41,70.2,2894.55,One year,DSL,Mailed check
9979-RGMZT,58.06,Medium Risk,2,7,94.05,633.45,One year,Fiber optic,Mailed check
8445-DNBAE,72.5,High Risk,0,1,50.05,50.05,Month-to-month,DSL,Electronic check
6872-HXFNF,4.74,Low Risk,1,64,58.35,3756.45,One year,DSL,Bank transfer (automatic)
1320-HTRDR,84.36,High Risk,2,3,75.5,220.6,Month-to-month,Fiber optic,Electronic check
3923-CSIHK,72.94,High Risk,3,50,71.05,3444.85,Month-to-month,Fiber optic,Electronic check
2446-ZKVAF,32.56,Medium Risk,2,18,56.8,1074.65,Month-to-month,DSL,Credit card (automatic)
4640-UHDOS,32.56,Medium Risk,0,13,55.95,734.35,Month-to-month,DSL,Electronic check
5457-COLHT,5.97,Low Risk,3,69,80.65,5542.55,Two year,DSL,Bank transfer (automatic)
2254-DLXRI,94.22,High Risk,2,1,79.15,79.15,Month-to-month,Fiber optic,Mailed check
5339-PXDVH,84.36,High Risk,2,4,90.65,367.95,Month-to-month,Fiber optic,Electronic check
2386-LAHRK,72.5,High Risk,0,1,53.5,53.5,Month-to-month,DSL,Mailed check
5062-CJJKH,12.96,Low Risk,2,25,53.65,1355.45,One year,DSL,Mailed check
8930-XOTDP,32.56,Medium Risk,2,18,55.95,1082.8,Month-to-month,DSL,Mailed check
4779-ZGICK,3.53,Low Risk,1,48,23.55,1173.35,Two year,No,Mailed check
9534-NSXEM,4.74,Low Risk,0,26,20.65,595.5,One year,No,Credit card (automatic)
3716-BDVDB,94.22,High Risk,2,1,69.1,69.1,Month-to-month,Fiber optic,Electronic check
9842-EFSYY,72.5,High Risk,0,4,57.2,223.75,Month-to-month,DSL,Mailed check
9122-UMROB,49.6,Medium Risk,0,1,20.3,20.3,Month-to-month,No,Mailed check
1867-BDVFH,84.36,High Risk,2,11,74.35,834.2,Month-to-month,Fiber optic,Electronic check
5949-EBSQK,72.5,High Risk,2,4,61.45,229.55,Month-to-month,DSL,Credit card (automatic)
4160-AMJTL,32.56,Medium Risk,0,8,19.65,164.3,Month-to-month,No,Electronic check
8622-ZLFKO,84.36,High Risk,2,6,90.75,512.25,Month-to-month,Fiber optic,Electronic check
2990-IAJSV,5.97,Low Risk,3,72,92.0,6632.75,Two year,DSL,Bank transfer (automatic)
6064-ZATLR,3.53,Low Risk,2,27,52.85,1498.65,Two year,DSL,Bank transfer (automatic)
7409-KIUTL,94.22,High Risk,2,1,71.0,71.0,Month-to-month,Fiber optic,Electronic check
5505-OVWQW,12.96,Low Risk,0,17,20.15,353.65,One year,No,Mailed check
3948-KXDUF,0.0,Low Risk,3,66,68.75,4447.55,Two year,DSL,Bank transfer (automatic)
9814-AOUDH,3.53,Low Risk,1,53,19.5,1050.5,Two year,No,Credit card (automatic)
7398-LXGYX,58.23,Medium Risk,3,44,84.8,3626.35,Month-to-month,Fiber optic,Credit card (automatic)
5266-PFRQK,4.74,Low Risk,1,52,20.85,1071.6,One year,No,Credit card (automatic)
1568-BEKZM,5.97,Low Risk,3,70,90.05,6333.4,Two year,DSL,Credit card (automatic)
2692-PFYTJ,49.6,Medium Risk,0,1,25.75,25.75,Month-to-month,No,Mailed check
2533-QVMSK,16.51,Low Risk,3,61,94.1,5638.3,Two year,Fiber optic,Electronic check
5828-AVIPD,54.82,Medium Risk,2,19,100.95,1875.55,One year,Fiber optic,Electronic check
2907-ILJBN,12.96,Low Risk,0,11,20.6,233.9,One year,No,Mailed check
5226-NOZFC,72.94,High Risk,2,26,85.75,2146.5,Month-to-month,Fiber optic,Electronic check
7114-AEOZE,0.0,Low Risk,1,60,19.85,1128.1,Two year,No,Bank transfer (automatic)
2202-CUYXZ,94.22,High Risk,2,1,84.85,84.85,Month-to-month,Fiber optic,Electronic check
3466-RITXD,58.23,Medium Risk,2,26,92.4,2349.8,Month-to-month,Fiber optic,Credit card (automatic)
7278-CKDNC,72.94,High Risk,2,24,80.5,2088.45,Month-to-month,Fiber optic,Electronic check
1956-YIFGE,54.82,Medium Risk,2,22,100.05,2090.25,One year,Fiber optic,Mailed check
0422-UXFAP,29.48,Low Risk,3,51,98.85,4947.55,One year,Fiber optic,Electronic check
3733-UOCWF,4.74,Low Risk,3,61,85.55,5251.75,One year,Fiber optic,Bank transfer (automatic)
7191-ADRGF,3.53,Low Risk,1,44,54.3,2390.45,Two year,DSL,Bank transfer (automatic)
5709-LVOEQ,3.53,Low Risk,2,0,80.85,0.0,Two year,DSL,Mailed check
6034-YMTOB,84.36,High Risk,2,5,75.65,399.45,Month-to-month,Fiber optic,Mailed check
6372-RFVNS,94.22,High Risk,2,1,78.8,78.8,Month-to-month,Fiber optic,Electronic check
9052-DHNKM,16.13,Low Risk,2,26,61.55,1581.95,One year,DSL,Electronic check
5609-IMCGG,58.23,Medium Risk,2,15,84.35,1302.65,Month-to-month,Fiber optic,Credit card (automatic)
2959-MJHIC,84.36,High Risk,2,4,80.35,307.4,Month-to-month,Fiber optic,Electronic check
1319-YLZJG,84.36,High Risk,2,12,84.6,959.9,Month-to-month,Fiber optic,Electronic check
7623-TRNQN,72.5,High Risk,0,1,49.9,49.9,Month-to-month,DSL,Mailed check
0377-JBKKT,32.56,Medium Risk,2,22,57.95,1271.8,Month-to-month,DSL,Mailed check
1936-CZAKF,3.53,Low Risk,1,49,49.65,2409.9,Two year,DSL,Credit card (automatic)
5063-IUOKK,3.53,Low Risk,0,13,19.75,265.75,Two year,No,Mailed check
8646-JCOMS,4.74,Low Risk,3,66,90.55,6130.95,One year,Fiber optic,Bank transfer (automatic)
0979-MOZQI,0.0,Low Risk,1,62,39.0,2337.45,Two year,DSL,Bank transfer (automatic)
1525-LNLOJ,0.0,Low Risk,3,66,63.3,4189.7,Two year,DSL,Bank transfer (automatic)
5759-RCVCB,72.5,High Risk,0,3,35.2,108.95,Month-to-month,DSL,Credit card (automatic)
9968-FFVVH,4.74,Low Risk,3,63,68.8,4111.35,One year,DSL,Bank transfer (automatic)
2266-FUBDZ,3.53,Low Risk,0,15,19.35,278.85,Two year,No,Mailed check
4760-THGOT,72.94,High Risk,3,43,94.1,4107.3,Month-to-month,Fiber optic,Electronic check
2307-FYNNL,47.99,Medium Risk,3,65,109.05,7108.2,Two year,Fiber optic,Electronic check
1143-NMNQJ,84.36,High Risk,2,2,85.7,169.8,Month-to-month,Fiber optic,Electronic check
1629-DQQVB,32.56,Medium Risk,0,14,50.1,709.5,Month-to-month,DSL,Bank transfer (automatic)
3766-EJLFL,23.78,Low Risk,3,68,109.05,7508.55,Two year,Fiber optic,Bank transfer (automatic)
8457-XIGKN,32.56,Medium Risk,0,20,19.6,356.15,Month-to-month,No,Credit card (automatic)
4981-FLTMF,32.56,Medium Risk,3,57,65.2,3687.85,Month-to-month,DSL,Bank transfer (automatic)
7606-BPHHN,0.0,Low Risk,1,72,19.8,1468.75,Two year,No,Credit card (automatic)
7005-CCBKV,84.36,High Risk,2,6,84.4,556.35,Month-to-month,Fiber optic,Electronic check
4648-YPBTM,3.53,Low Risk,3,53,73.9,3958.25,Two year,DSL,Bank transfer (automatic)
2325-ZUSFD,29.48,Low Risk,3,57,70.1,3913.3,One year,DSL,Bank transfer (automatic)
1240-KNSEZ,49.6,Medium Risk,0,1,20.1,20.1,Month-to-month,No,Mailed check
0430-IHCDJ,32.56,Medium Risk,0,15,49.0,749.25,Month-to-month,DSL,Electronic check
7957-RYHQD,58.23,Medium Risk,2,40,79.2,3233.85,Month-to-month,Fiber optic,Credit card (automatic)
6164-HAQTX,0.0,Low Risk,1,71,53.95,3888.65,Two year,DSL,Bank transfer (automatic)
0749-IRGQE,53.35,Medium Risk,0,13,45.3,528.45,Month-to-month,DSL,Electronic check
1227-UDMZR,5.97,Low Risk,3,72,91.15,6637.9,Two year,DSL,Bank transfer (automatic)
5473-KHBPS,4.74,Low Risk,3,52,95.7,4976.15,One year,Fiber optic,Credit card (automatic)
5297-MDOIR,4.74,Low Risk,3,63,81.15,5224.5,One year,Fiber optic,Credit card (automatic)
8873-TMKGR,4.74,Low Risk,0,29,19.1,529.5,One year,No,Mailed check
6481-ESCNL,58.23,Medium Risk,2,29,100.55,2878.75,Month-to-month,Fiber optic,Bank transfer (automatic)
0463-WZZKO,49.6,Medium Risk,0,3,20.75,67.1,Month-to-month,No,Credit card (automatic)
1038-RQOST,32.56,Medium Risk,0,19,20.6,414.95,Month-to-month,No,Mailed check
4937-QPZPO,29.48,Low Risk,3,61,99.9,6241.35,One year,Fiber optic,Electronic check
3604-WLABM,32.56,Medium Risk,0,10,54.25,583.0,Month-to-month,DSL,Electronic check
1360-XFJMR,36.75,Medium Risk,3,67,109.7,7344.45,One year,Fiber optic,Credit card (automatic)
8717-VCTXJ,4.74,Low Risk,1,42,19.55,839.4,One year,No,Mailed check
5196-SGOAK,94.22,High Risk,2,1,75.7,75.7,Month-to-month,Fiber optic,Electronic check
8739-XNIKG,84.36,High Risk,2,5,84.0,424.75,Month-to-month,Fiber optic,Electronic check
2320-TZRRH,12.96,Low Risk,0,20,19.5,403.15,One year,No,Mailed check
5186-SAMNZ,94.22,High Risk,2,1,69.5,69.5,Month-to-month,Fiber optic,Bank transfer (automatic)
5760-FXFVO,84.36,High Risk,2,6,78.95,494.95,Month-to-month,Fiber optic,Electronic check
5380-WJKOV,72.94,High Risk,3,34,106.35,3549.25,Month-to-month,Fiber optic,Electronic check
4703-MQYKT,3.53,Low Risk,0,21,19.6,390.4,Two year,No,Mailed check
2001-MCUUW,47.99,Medium Risk,3,46,108.65,4903.2,Two year,Fiber optic,Electronic check
4947-DSMXK,58.23,Medium Risk,2,34,97.7,3410.0,Month-to-month,Fiber optic,Bank transfer (automatic)
0076-LVEPS,53.35,Medium Risk,0,29,45.0,1242.45,Month-to-month,DSL,Mailed check
5566-SOEZD,4.74,Low Risk,2,27,80.65,2209.75,One year,Fiber optic,Credit card (automatic)
7408-OFWXJ,5.97,Low Risk,3,72,89.8,6510.45,Two year,DSL,Credit card (automatic)
1097-FSPVW,32.56,Medium Risk,1,42,54.55,2455.05,Month-to-month,DSL,Credit card (automatic)
4412-YLTKF,72.94,High Risk,2,27,78.05,2135.5,Month-to-month,Fiber optic,Electronic check
0420-TXVSG,0.0,Low Risk,3,66,66.1,4428.45,Two year,DSL,Credit card (automatic)
7817-BOQPW,84.36,High Risk,2,2,75.55,166.3,Month-to-month,Fiber optic,Electronic check
0963-ZBDRN,72.94,High Risk,2,32,96.2,3183.4,Month-to-month,Fiber optic,Electronic check
9685-WKZGT,72.94,High Risk,2,14,74.95,1036.75,Month-to-month,Fiber optic,Electronic check
2139-FQHLM,58.23,Medium Risk,2,19,89.95,1682.4,Month-to-month,Fiber optic,Mailed check
5825-XJOCM,4.74,Low Risk,1,48,64.4,3035.35,One year,DSL,Bank transfer (automatic)
0004-TLHLJ,84.36,High Risk,2,4,73.9,280.85,Month-to-month,Fiber optic,Electronic check
7529-ZDFXI,72.94,High Risk,3,57,89.85,4925.35,Month-to-month,Fiber optic,Electronic check
6848-YLDFR,29.48,Low Risk,3,58,75.2,4300.8,One year,DSL,Credit card (automatic)
5820-PTRYM,4.74,Low Risk,3,56,68.45,4014.0,One year,DSL,Credit card (automatic)
2984-RGEYA,0.0,Low Risk,1,69,19.75,1375.4,Two year,No,Bank transfer (automatic)
6434-TTGJP,3.53,Low Risk,0,10,53.7,521.0,Two year,DSL,Credit card (automatic)
9643-AVVWI,84.36,High Risk,2,3,80.0,241.3,Month-to-month,Fiber optic,Electronic check
3506-OVLKD,4.74,Low Risk,1,35,26.2,954.9,One year,No,Bank transfer (automatic)
4946-EDSEW,32.56,Medium Risk,0,11,19.25,180.3,Month-to-month,No,Mailed check
2924-KHUVI,54.82,Medium Risk,3,56,100.55,5514.95,One year,Fiber optic,Electronic check
2263-SFSQZ,3.53,Low Risk,1,51,24.95,1222.25,Two year,No,Mailed check
5281-BUZGT,72.94,High Risk,2,36,90.85,3186.7,Month-to-month,Fiber optic,Electronic check
3717-FDJFU,3.53,Low Risk,0,5,20.45,106.9,Two year,No,Mailed check
2239-CFOUJ,12.96,Low Risk,0,1,20.4,20.4,One year,No,Mailed check
8699-ASUFO,84.36,High Risk,2,7,74.4,527.9,Month-to-month,Fiber optic,Mailed check
1122-YJBCS,4.74,Low Risk,1,69,53.65,3804.4,One year,DSL,Credit card (automatic)
0628-CNQRM,12.96,Low Risk,2,22,67.5,1544.05,One year,DSL,Bank transfer (automatic)
1705-GUHPV,0.0,Low Risk,1,63,24.2,1618.2,Two year,No,Mailed check
4877-TSOFF,29.48,Low Risk,3,55,75.75,4264.25,One year,DSL,Bank transfer (automatic)
7404-JLKQG,72.5,High Risk,0,3,57.55,161.45,Month-to-month,DSL,Electronic check
0379-DJQHR,5.97,Low Risk,3,67,81.35,5398.6,Two year,DSL,Credit card (automatic)
8993-PHFWD,72.5,High Risk,0,3,25.25,58.9,Month-to-month,DSL,Electronic check
3930-ZGWVE,49.6,Medium Risk,0,1,19.75,19.75,Month-to-month,No,Mailed check
1965-DDBWU,58.23,Medium Risk,2,16,89.05,1448.6,Month-to-month,Fiber optic,Credit card (automatic)
7572-KPVKK,47.99,Medium Risk,3,62,104.05,6590.5,Two year,Fiber optic,Electronic check
6854-EXGSF,32.56,Medium Risk,2,8,65.5,573.15,Month-to-month,DSL,Bank transfer (automatic)
9483-GCPWE,12.96,Low Risk,0,9,20.1,190.25,One year,No,Mailed check
8053-WWDRO,32.56,Medium Risk,0,6,19.5,146.3,Month-to-month,No,Bank transfer (automatic)
9473-CBZOP,4.74,Low Risk,2,28,59.0,1654.45,One year,DSL,Mailed check
3985-HOYPM,4.74,Low Risk,0,26,19.4,525.55,One year,No,Mailed check
8378-LKJAF,58.23,Medium Risk,3,38,101.15,3956.7,Month-to-month,Fiber optic,Credit card (automatic)
1310-QRITU,32.56,Medium Risk,0,18,50.3,913.3,Month-to-month,DSL,Electronic check
3237-AJGEH,72.5,High Risk,0,3,31.0,95.05,Month-to-month,DSL,Mailed check
6542-LWGXJ,72.5,High Risk,0,3,25.0,78.25,Month-to-month,DSL,Mailed check
6953-PBDIN,5.97,Low Risk,3,70,72.95,5265.55,Two year,DSL,Bank transfer (automatic)
6332-FBZRI,4.74,Low Risk,3,67,69.35,4653.25,One year,DSL,Credit card (automatic)
9365-CSLBQ,0.0,Low Risk,1,71,24.35,1654.6,Two year,No,Mailed check
3466-WAESX,32.56,Medium Risk,2,16,69.1,1083.7,Month-to-month,DSL,Electronic check
9700-ISPUP,32.56,Medium Risk,2,10,65.5,616.9,Month-to-month,DSL,Electronic check
5167-ZFFMM,94.22,High Risk,2,1,90.85,90.85,Month-to-month,Fiber optic,Credit card (automatic)
7669-LCRSD,32.56,Medium Risk,0,12,56.3,628.65,Month-to-month,DSL,Mailed check
0870-VEMYL,72.5,High Risk,0,5,53.85,259.8,Month-to-month,DSL,Credit card (automatic)
2995-UPRYS,29.48,Low Risk,3,40,99.2,4062.2,One year,Fiber optic,Credit card (automatic)
3179-GBRWV,32.56,Medium Risk,2,21,64.95,1339.8,Month-to-month,DSL,Bank transfer (automatic)
0701-TJSEF,32.56,Medium Risk,2,9,68.25,576.95,Month-to-month,DSL,Bank transfer (automatic)
1848-LBZHY,32.56,Medium Risk,0,7,50.3,355.1,Month-to-month,DSL,Bank transfer (automatic)
5380-XPJNZ,4.74,Low Risk,1,38,20.05,678.2,One year,No,Mailed check
6608-QQLVK,72.5,High Risk,0,1,50.5,50.5,Month-to-month,DSL,Electronic check
1475-VWVDO,84.36,High Risk,2,7,74.9,490.55,Month-to-month,Fiber optic,Electronic check
3721-CNEYS,84.36,High Risk,2,2,70.95,137.95,Month-to-month,Fiber optic,Electronic check
4299-OPXEJ,3.53,Low Risk,1,56,19.55,1080.55,Two year,No,Bank transfer (automatic)
0096-BXERS,32.56,Medium Risk,0,6,50.35,314.55,Month-to-month,DSL,Electronic check
3055-VTCGS,29.48,Low Risk,1,63,58.55,3503.5,One year,DSL,Credit card (automatic)
9405-GPBBG,47.99,Medium Risk,3,64,110.5,7069.25,Two year,Fiber optic,Credit card (automatic)
6704-UTUKK,53.35,Medium Risk,0,29,45.9,1332.4,Month-to-month,DSL,Electronic check
9944-AEXBM,58.23,Medium Risk,2,32,85.65,2664.3,Month-to-month,Fiber optic,Bank transfer (automatic)
2545-EBUPK,84.36,High Risk,2,2,84.05,186.05,Month-to-month,Fiber optic,Electronic check
6270-OMFIW,29.48,Low Risk,3,60,94.4,5610.25,One year,Fiber optic,Electronic check
1852-XEMDW,32.56,Medium Risk,2,22,65.05,1427.55,Month-to-month,DSL,Mailed check
8158-WPEZG,53.35,Medium Risk,0,11,35.65,425.1,Month-to-month,DSL,Electronic check
5198-EFNBM,53.11,Medium Risk,3,57,90.65,5199.8,One year,Fiber optic,Electronic check
7663-RGWBC,72.5,High Risk,0,1,44.15,44.15,Month-to-month,DSL,Mailed check
3970-XGJDU,0.0,Low Risk,1,62,19.2,1123.65,Two year,No,Credit card (automatic)
6845-RGTYS,72.94,High Risk,3,47,98.75,4533.7,Month-to-month,Fiber optic,Electronic check
0123-CRBRT,5.97,Low Risk,3,61,88.1,5526.75,Two year,DSL,Mailed check
6077-BDPXA,84.36,High Risk,2,3,70.15,194.2,Month-to-month,Fiber optic,Electronic check
2250-IVBWA,72.94,High Risk,3,64,81.05,5135.35,Month-to-month,Fiber optic,Electronic check
6137-NICCO,84.36,High Risk,2,6,94.05,518.75,Month-to-month,Fiber optic,Mailed check
8129-GMVGI,3.53,Low Risk,1,56,20.05,1090.1,Two year,No,Mailed check
4353-HYOJD,32.56,Medium Risk,0,27,49.85,1336.15,Month-to-month,DSL,Mailed check
8671-KKKOS,53.35,Medium Risk,1,46,45.55,2062.15,Month-to-month,DSL,Electronic check
8080-DDEMJ,72.5,High Risk,0,1,45.1,45.1,Month-to-month,DSL,Electronic check
6698-OXETB,3.53,Low Risk,0,11,20.4,231.45,Two year,No,Mailed check
3312-UUMZW,58.23,Medium Risk,2,32,98.85,3145.9,Month-to-month,Fiber optic,Credit card (automatic)
6376-GAHQE,84.36,High Risk,2,4,77.85,299.2,Month-to-month,Fiber optic,Electronic check
0733-VUNUW,32.56,Medium Risk,2,24,55.65,1400.55,Month-to-month,DSL,Bank transfer (automatic)
6733-LRIZX,47.99,Medium Risk,3,35,108.95,4025.5,Two year,Fiber optic,Electronic check
2165-VOEGB,54.82,Medium Risk,3,46,105.2,4822.85,One year,Fiber optic,Bank transfer (automatic)
1853-UDXBW,94.22,High Risk,2,1,70.0,70.0,Month-to-month,Fiber optic,Electronic check
9070-BCKQP,0.0,Low Risk,3,72,110.15,7881.2,Two year,Fiber optic,Credit card (automatic)
1035-IPQPU,72.94,High Risk,3,63,103.5,6479.4,Month-to-month,Fiber optic,Electronic check
2057-ZBLPD,72.94,High Risk,2,21,86.5,1808.7,Month-to-month,Fiber optic,Electronic check
6967-PEJLL,16.13,Low Risk,1,37,40.2,1525.35,One year,DSL,Electronic check
7879-CGSFV,54.82,Medium Risk,3,55,100.9,5552.05,One year,Fiber optic,Mailed check
2257-BOVXD,32.56,Medium Risk,2,14,66.6,979.5,Month-to-month,DSL,Credit card (automatic)
9822-BIIGN,32.56,Medium Risk,3,53,71.85,3827.9,Month-to-month,DSL,Electronic check
1136-XGEQU,29.48,Low Risk,3,50,84.15,4164.4,One year,DSL,Credit card (automatic)
2439-LYPMQ,72.94,High Risk,3,38,102.6,4009.2,Month-to-month,Fiber optic,Electronic check
6543-XRMYR,72.94,High Risk,2,30,99.7,2967.35,Month-to-month,Fiber optic,Electronic check
5753-QQWPW,16.13,Low Risk,2,28,59.9,1654.7,One year,DSL,Electronic check
4785-QRJHC,29.48,Low Risk,1,46,59.9,2816.65,One year,DSL,Bank transfer (automatic)
0052-YNYOT,16.13,Low Risk,1,67,20.55,1343.4,One year,No,Electronic check
7054-LGEQW,72.5,High Risk,0,1,45.95,45.95,Month-to-month,DSL,Mailed check
0608-JDVEC,0.0,Low Risk,1,50,19.8,1013.2,Two year,No,Electronic check
6284-KMNUF,29.48,Low Risk,3,56,98.0,5270.6,One year,Fiber optic,Electronic check
6286-SUUWT,49.6,Medium Risk,0,1,19.95,19.95,Month-to-month,No,Mailed check
3594-KADLU,72.5,High Risk,0,3,35.1,101.1,Month-to-month,DSL,Mailed check
0536-ACXIP,0.0,Low Risk,3,72,109.55,8165.1,Two year,Fiber optic,Electronic check
8869-TORSS,4.74,Low Risk,1,48,60.35,2896.4,One year,DSL,Credit card (automatic)
0373-AIVNJ,12.96,Low Risk,0,9,39.55,373.0,One year,DSL,Mailed check
6429-SHBCB,32.56,Medium Risk,2,19,69.6,1394.55,Month-to-month,DSL,Mailed check
5751-USDBL,3.53,Low Risk,3,46,81.0,3846.35,Two year,DSL,Mailed check
6815-ABQFQ,54.82,Medium Risk,3,56,107.25,6033.3,One year,Fiber optic,Electronic check
9450-TRJUU,72.94,High Risk,2,35,83.15,2848.45,Month-to-month,Fiber optic,Electronic check
2805-AUFQN,3.53,Low Risk,0,25,19.8,475.2,Two year,No,Credit card (automatic)
7855-DIWPO,72.94,High Risk,2,21,68.65,1493.2,Month-to-month,Fiber optic,Electronic check
0174-QRVVY,0.0,Low Risk,1,71,25.35,1847.55,Two year,No,Credit card (automatic)
9507-EXLTT,94.22,High Risk,2,1,79.35,79.35,Month-to-month,Fiber optic,Bank transfer (automatic)
8390-FESFV,5.97,Low Risk,3,62,84.5,5193.2,Two year,DSL,Bank transfer (automatic)
0661-KBKPA,29.48,Low Risk,3,53,78.75,3942.45,One year,DSL,Mailed check
6856-RAURS,84.36,High Risk,2,2,74.9,136.05,Month-to-month,Fiber optic,Mailed check
7322-OCWHC,5.97,Low Risk,3,72,93.05,6735.05,Two year,Fiber optic,Bank transfer (automatic)
2203-GHNWN,58.23,Medium Risk,2,24,79.65,1928.7,Month-to-month,Fiber optic,Mailed check
3413-CSSTH,32.56,Medium Risk,1,41,55.7,2237.55,Month-to-month,DSL,Bank transfer (automatic)
3006-XIMLN,84.36,High Risk,2,2,94.2,193.8,Month-to-month,Fiber optic,Bank transfer (automatic)
3750-CKVKH,94.22,High Risk,2,2,67.75,116.65,Month-to-month,Fiber optic,Electronic check
0576-WNXXC,72.94,High Risk,2,27,95.55,2510.2,Month-to-month,Fiber optic,Electronic check
7056-IMHCC,72.94,High Risk,3,53,101.9,5549.4,Month-to-month,Fiber optic,Electronic check
0866-QLSIR,4.74,Low Risk,2,34,64.4,2088.75,One year,DSL,Mailed check
1628-BIZYP,94.22,High Risk,2,1,85.0,85.0,Month-to-month,Fiber optic,Electronic check
2230-XTUWL,3.53,Low Risk,1,48,19.55,883.35,Two year,No,Mailed check
1980-KXVPM,84.36,High Risk,2,3,75.05,256.25,Month-to-month,Fiber optic,Credit card (automatic)
8619-IJNDK,100.0,High Risk,3,71,64.05,4492.9,Two year,DSL,Credit card (automatic)
2960-NKRSO,72.94,High Risk,2,24,85.95,2107.15,Month-to-month,Fiber optic,Electronic check
6705-LXORM,84.36,High Risk,2,5,70.05,302.6,Month-to-month,Fiber optic,Electronic check
7130-VTEWQ,84.36,High Risk,2,8,75.75,606.25,Month-to-month,Fiber optic,Electronic check
9364-YKUVW,32.56,Medium Risk,0,15,19.8,309.4,Month-to-month,No,Mailed check
2761-OCIAX,84.36,High Risk,2,2,74.7,165.4,Month-to-month,Fiber optic,Electronic check
7996-BPXHY,3.53,Low Risk,0,13,25.0,332.5,Two year,No,Bank transfer (automatic)
4248-QPAVC,58.23,Medium Risk,2,17,85.35,1463.45,Month-to-month,Fiber optic,Bank transfer (automatic)
9357-UJRUN,16.13,Low Risk,2,24,58.35,1346.9,One year,DSL,Electronic check
6340-DACFT,3.53,Low Risk,1,50,20.55,1070.25,Two year,No,Credit card (automatic)
1023-BQXZE,3.53,Low Risk,3,57,74.35,4317.35,Two year,DSL,Bank transfer (automatic)
5480-HPRRX,72.5,High Risk,0,3,25.3,77.75,Month-to-month,DSL,Electronic check
9576-SYUHJ,72.94,High Risk,2,37,91.15,3369.25,Month-to-month,Fiber optic,Electronic check
2169-RRLFW,0.0,Low Risk,1,71,25.6,1888.25,Two year,No,Credit card (automatic)
8338-QIUNR,5.97,Low Risk,3,72,66.5,4811.6,Two year,DSL,Credit card (automatic)
0463-TXOAK,3.53,Low Risk,1,52,25.6,1334.5,Two year,No,Credit card (automatic)
4396-KLSEH,49.6,Medium Risk,0,4,19.85,63.0,Month-to-month,No,Electronic check
5186-EJEGL,32.56,Medium Risk,2,9,69.5,653.25,Month-to-month,DSL,Mailed check
9334-GWGOW,84.36,High Risk,2,7,74.85,485.25,Month-to-month,Fiber optic,Electronic check
5696-JVVQY,3.53,Low Risk,1,48,70.1,3238.4,Two year,DSL,Credit card (automatic)
9633-DENPU,32.56,Medium Risk,1,47,58.6,2723.4,Month-to-month,DSL,Bank transfer (automatic)
0581-BXBUB,84.36,High Risk,2,4,72.75,317.75,Month-to-month,Fiber optic,Electronic check
2750-BJLSB,54.82,Medium Risk,3,47,103.7,4730.6,One year,Fiber optic,Electronic check
2770-NSVDG,53.35,Medium Risk,0,24,29.1,688.0,Month-to-month,DSL,Electronic check
8280-MQRQN,72.5,High Risk,0,1,50.45,50.45,Month-to-month,DSL,Mailed check
7851-FLGGQ,72.5,High Risk,0,1,44.65,44.65,Month-to-month,DSL,Mailed check
9374-YOLBJ,49.6,Medium Risk,0,1,19.25,19.25,Month-to-month,No,Electronic check
6583-SZVGP,47.99,Medium Risk,3,48,108.1,5067.45,Two year,Fiber optic,Bank transfer (automatic)
2150-OEGBV,4.74,Low Risk,0,27,20.1,562.6,One year,No,Bank transfer (automatic)
9372-TXXPS,0.0,Low Risk,1,60,59.85,3483.45,Two year,DSL,Bank transfer (automatic)
6933-FHBZC,4.74,Low Risk,2,26,56.05,1553.2,One year,DSL,Mailed check
4698-KVLLG,3.53,Low Risk,1,51,19.6,967.9,Two year,No,Credit card (automatic)
8752-STIVR,84.36,High Risk,2,4,79.0,303.15,Month-to-month,Fiber optic,Electronic check
8623-ULFNQ,32.56,Medium Risk,2,26,66.05,1652.4,Month-to-month,DSL,Electronic check
9822-WMWVG,72.94,High Risk,3,41,106.5,4282.4,Month-to-month,Fiber optic,Electronic check
4304-TSPVK,0.0,Low Risk,3,68,114.9,7843.55,Two year,Fiber optic,Bank transfer (automatic)
1716-LSAMB,3.53,Low Risk,1,45,54.65,2553.7,Two year,DSL,Bank transfer (automatic)
3523-QRQLL,29.48,Low Risk,2,22,69.5,1498.2,One year,DSL,Bank transfer (automatic)
2187-PKZAY,84.36,High Risk,2,12,79.95,1043.4,Month-to-month,Fiber optic,Bank transfer (automatic)
1895-QTKDO,72.5,High Risk,0,1,43.95,43.95,Month-to-month,DSL,Credit card (automatic)
8161-QYMTT,84.36,High Risk,2,7,94.1,701.3,Month-to-month,Fiber optic,Electronic check
2955-PSXOE,49.6,Medium Risk,0,1,20.2,20.2,Month-to-month,No,Bank transfer (automatic)
6834-NXDCA,53.35,Medium Risk,0,13,23.9,300.8,Month-to-month,DSL,Electronic check
8701-DGLVH,3.53,Low Risk,1,51,20.45,1042.65,Two year,No,Mailed check
2480-SQIOB,72.5,High Risk,0,4,44.8,169.65,Month-to-month,DSL,Electronic check
4993-JCRGJ,58.23,Medium Risk,2,26,84.3,2281.6,Month-to-month,Fiber optic,Mailed check
0581-MDMPW,58.23,Medium Risk,2,24,88.95,2072.75,Month-to-month,Fiber optic,Credit card (automatic)
7789-CRUVC,58.23,Medium Risk,3,61,94.2,5895.45,Month-to-month,Fiber optic,Credit card (automatic)
0164-APGRB,0.0,Low Risk,3,72,114.9,8496.7,Two year,Fiber optic,Electronic check
8034-RYTVV,4.74,Low Risk,3,55,84.25,4589.85,One year,Fiber optic,Credit card (automatic)
3018-TFTSU,84.36,High Risk,2,12,81.7,858.6,Month-to-month,Fiber optic,Bank transfer (automatic)
9777-IQHWP,5.97,Low Risk,3,64,93.4,5822.3,Two year,Fiber optic,Bank transfer (automatic)
6899-PPEEA,72.94,High Risk,3,37,96.55,3580.3,Month-to-month,Fiber optic,Electronic check
6701-YVNQG,5.97,Low Risk,3,72,88.7,6301.7,Two year,DSL,Credit card (automatic)
7649-PHJVR,12.96,Low Risk,0,11,19.5,226.8,One year,No,Mailed check
9278-VZKCD,72.94,High Risk,3,52,109.1,5647.95,Month-to-month,Fiber optic,Electronic check
7636-PEPNS,4.74,Low Risk,1,58,44.1,2413.05,One year,DSL,Mailed check
1575-KRZZE,72.5,High Risk,0,4,55.2,220.65,Month-to-month,DSL,Electronic check
8590-OHDIW,4.74,Low Risk,1,38,20.3,749.35,One year,No,Mailed check
7764-BDPEE,49.6,Medium Risk,0,3,20.85,60.65,Month-to-month,No,Mailed check
9480-BQJEI,29.48,Low Risk,3,62,92.3,5731.45,One year,Fiber optic,Bank transfer (automatic)
3354-OADJP,12.96,Low Risk,0,8,54.25,447.75,One year,DSL,Bank transfer (automatic)
3181-MIZBN,32.56,Medium Risk,0,16,19.75,313.4,Month-to-month,No,Electronic check
9327-QSDED,32.56,Medium Risk,0,8,43.55,335.4,Month-to-month,DSL,Mailed check
4892-VLANZ,49.6,Medium Risk,0,1,19.8,19.8,Month-to-month,No,Mailed check
0298-XACET,3.53,Low Risk,1,52,50.2,2554.0,Two year,DSL,Mailed check
6917-FIJHC,0.0,Low Risk,1,72,26.0,1776.0,Two year,No,Mailed check
6557-BZXLQ,72.94,High Risk,2,16,69.65,1043.3,Month-to-month,Fiber optic,Electronic check
2432-TFSMK,12.96,Low Risk,2,18,89.6,1633.0,One year,Fiber optic,Credit card (automatic)
4211-MMAZN,49.6,Medium Risk,0,1,20.25,20.25,Month-to-month,No,Mailed check
4751-ERMAN,5.97,Low Risk,3,72,75.4,5480.25,Two year,DSL,Bank transfer (automatic)
8430-TWCBX,4.74,Low Risk,1,49,20.7,1032.05,One year,No,Credit card (automatic)
1942-OQFRW,72.5,High Risk,0,1,44.0,44.0,Month-to-month,DSL,Electronic check
4075-JFPGR,53.11,Medium Risk,3,51,93.5,4619.55,One year,Fiber optic,Electronic check
3339-EAQNV,29.48,Low Risk,3,72,97.25,7133.1,One year,Fiber optic,Credit card (automatic)
5329-KRDTM,5.97,Low Risk,3,72,77.35,5396.25,Two year,DSL,Credit card (automatic)
0307-BCOPK,12.96,Low Risk,0,16,19.05,326.65,One year,No,Mailed check
6473-ULUHT,32.56,Medium Risk,2,16,84.9,1398.25,Month-to-month,DSL,Electronic check
1194-SPVSP,49.6,Medium Risk,0,1,19.65,19.65,Month-to-month,No,Bank transfer (automatic)
7249-WBIYX,84.36,High Risk,2,10,85.6,813.85,Month-to-month,Fiber optic,Electronic check
2293-IJWPS,54.82,Medium Risk,3,57,100.75,5985.0,One year,Fiber optic,Credit card (automatic)
4377-VDHYI,29.48,Low Risk,2,32,90.8,3023.85,One year,Fiber optic,Electronic check
0019-EFAEP,5.97,Low Risk,3,72,101.3,7261.25,Two year,Fiber optic,Bank transfer (automatic)
2480-EJWYP,29.48,Low Risk,3,58,97.8,5458.8,One year,Fiber optic,Bank transfer (automatic)
8970-ANWXO,29.48,Low Risk,2,23,73.75,1756.6,One year,DSL,Mailed check
8739-WWKDU,72.94,High Risk,2,25,89.5,2196.15,Month-to-month,Fiber optic,Electronic check
2171-UDMFD,32.56,Medium Risk,0,32,19.45,674.55,Month-to-month,No,Credit card (automatic)
7036-TYDEC,47.99,Medium Risk,3,69,104.0,7028.5,Two year,Fiber optic,Electronic check
3831-YCPUO,0.0,Low Risk,3,72,109.5,7854.9,Two year,Fiber optic,Credit card (automatic)
0121-SNYRK,4.74,Low Risk,1,50,35.4,1748.9,One year,DSL,Mailed check
3325-FUYCG,54.82,Medium Risk,2,28,106.1,2847.4,One year,Fiber optic,Electronic check
1952-DVVSW,12.96,Low Risk,0,10,20.1,184.4,One year,No,Mailed check
3571-DPYUH,4.74,Low Risk,3,58,94.7,5430.35,One year,Fiber optic,Credit card (automatic)
2077-MPJQO,84.36,High Risk,2,7,75.4,533.05,Month-to-month,Fiber optic,Electronic check
2391-SOORI,72.5,High Risk,0,4,49.35,219.65,Month-to-month,DSL,Electronic check
4086-ATNFV,4.74,Low Risk,2,34,60.8,2042.05,One year,DSL,Mailed check
3396-DKDEL,0.0,Low Risk,3,70,115.15,8250.0,Two year,Fiber optic,Credit card (automatic)
7471-MQPOS,29.48,Low Risk,3,71,72.9,5139.65,One year,DSL,Bank transfer (automatic)
7181-OQCUT,58.23,Medium Risk,2,21,103.85,2215.0,Month-to-month,Fiber optic,Mailed check
3489-VSFRD,4.74,Low Risk,1,56,60.25,3282.75,One year,DSL,Credit card (automatic)
6283-GITPX,5.97,Low Risk,3,71,76.9,5522.7,Two year,DSL,Credit card (automatic)
2845-HSJCY,72.94,High Risk,2,14,87.25,1258.6,Month-to-month,Fiber optic,Electronic check
7216-KAOID,4.74,Low Risk,1,41,19.5,798.2,One year,No,Bank transfer (automatic)
6680-WKXRZ,84.36,High Risk,2,3,74.4,215.8,Month-to-month,Fiber optic,Bank transfer (automatic)
2346-LOCWC,3.53,Low Risk,1,58,20.5,1191.4,Two year,No,Credit card (automatic)
0769-MURVM,5.97,Low Risk,3,72,65.7,4575.35,Two year,DSL,Bank transfer (automatic)
3374-LXDEV,84.36,High Risk,2,13,89.4,1132.35,Month-to-month,Fiber optic,Electronic check
5318-YKDPV,3.53,Low Risk,3,43,79.15,3566.6,Two year,DSL,Credit card (automatic)
8190-ZTQFB,29.48,Low Risk,1,41,51.35,2075.1,One year,DSL,Electronic check
4512-ZUIYL,84.36,High Risk,2,2,70.0,153.05,Month-to-month,Fiber optic,Bank transfer (automatic)
3090-QFUVD,49.6,Medium Risk,0,1,20.3,20.3,Month-to-month,No,Credit card (automatic)
4806-KEXQR,84.36,High Risk,2,4,79.9,324.3,Month-to-month,Fiber optic,Electronic check
2369-FEVNO,49.6,Medium Risk,0,1,19.9,19.9,Month-to-month,No,Mailed check
9637-CDTKZ,0.0,Low Risk,3,72,114.1,8086.4,Two year,Fiber optic,Credit card (automatic)
2954-PIBKO,0.0,Low Risk,3,69,64.15,4254.1,Two year,DSL,Credit card (automatic)
2212-LYASK,29.48,Low Risk,0,27,45.85,1246.4,One year,DSL,Credit card (automatic)
9481-SFCQY,32.56,Medium Risk,2,14,59.8,824.85,Month-to-month,DSL,Credit card (automatic)
2828-SLQPF,32.56,Medium Risk,0,19,45.0,865.85,Month-to-month,DSL,Bank transfer (automatic)
4647-MUZON,58.23,Medium Risk,2,18,95.95,1745.5,Month-to-month,Fiber optic,Credit card (automatic)
8212-DJRCH,84.36,High Risk,2,5,90.35,434.5,Month-to-month,Fiber optic,Mailed check
0516-OOHAR,54.82,Medium Risk,2,28,100.35,2799.0,One year,Fiber optic,Bank transfer (automatic)
4973-RLZVI,4.74,Low Risk,2,30,74.65,2308.6,One year,DSL,Credit card (automatic)
8089-UZWLX,47.99,Medium Risk,3,71,104.05,7413.55,Two year,Fiber optic,Bank transfer (automatic)
9732-KPKBW,72.5,High Risk,0,1,53.95,53.95,Month-to-month,DSL,Electronic check
9715-WZCLW,16.51,Low Risk,3,71,97.2,6910.3,Two year,Fiber optic,Electronic check
0257-KXZGU,32.56,Medium Risk,2,32,62.45,2045.55,Month-to-month,DSL,Bank transfer (automatic)
0707-HOVVN,5.97,Low Risk,3,70,75.5,5212.65,Two year,DSL,Bank transfer (automatic)
5501-TVMGM,72.5,High Risk,0,1,55.25,55.25,Month-to-month,DSL,Electronic check
3422-LYEPQ,94.22,High Risk,2,1,71.0,71.0,Month-to-month,Fiber optic,Electronic check
2277-VWCNI,72.5,High Risk,0,4,48.75,179.85,Month-to-month,DSL,Mailed check
5461-QKNTN,72.94,High Risk,3,43,94.3,3953.15,Month-to-month,Fiber optic,Electronic check
3967-KXAPS,5.97,Low Risk,3,72,92.3,6719.9,Two year,DSL,Credit card (automatic)
6919-ELBGL,0.0,Low Risk,3,72,114.95,8196.4,Two year,Fiber optic,Bank transfer (automatic)
8361-LTMKD,84.36,High Risk,2,4,74.4,306.6,Month-to-month,Fiber optic,Mailed check
1131-ALZWV,12.96,Low Risk,0,24,24.6,605.25,One year,No,Bank transfer (automatic)
5178-LMXOP,94.22,High Risk,2,1,95.1,95.1,Month-to-month,Fiber optic,Electronic check
8992-CEUEN,49.6,Medium Risk,0,1,18.85,18.85,Month-to-month,No,Electronic check
3320-VEOYC,72.94,High Risk,2,14,95.6,1273.3,Month-to-month,Fiber optic,Electronic check
3672-YITQD,72.94,High Risk,2,36,84.1,3021.6,Month-to-month,Fiber optic,Electronic check
6080-TCMYC,72.94,High Risk,3,40,81.2,3292.3,Month-to-month,Fiber optic,Electronic check
6734-FQAJX,47.99,Medium Risk,3,67,105.05,7171.7,Two year,Fiber optic,Electronic check
1063-DHQJF,5.97,Low Risk,3,69,92.15,6480.9,Two year,Fiber optic,Mailed check
3976-NLDEZ,49.6,Medium Risk,0,1,20.6,20.6,Month-to-month,No,Mailed check
1729-VLAZJ,12.96,Low Risk,0,10,40.25,411.45,One year,DSL,Mailed check
3400-ESFUW,3.53,Low Risk,1,55,57.55,3046.4,Two year,DSL,Bank transfer (automatic)
5271-YNWVR,0.0,Low Risk,3,68,113.15,7856.0,Two year,Fiber optic,Electronic check
1587-FKLZB,58.23,Medium Risk,3,66,99.5,6822.15,Month-to-month,Fiber optic,Credit card (automatic)
0958-YHXGP,84.36,High Risk,2,7,69.9,497.3,Month-to-month,Fiber optic,Mailed check
1494-EJZDW,3.53,Low Risk,0,10,20.15,220.8,Two year,No,Mailed check
1816-FLZDK,72.5,High Risk,0,1,29.15,29.15,Month-to-month,DSL,Mailed check
2075-PUEPR,3.53,Low Risk,1,55,19.35,1153.25,Two year,No,Bank transfer (automatic)
1833-TCXKK,58.23,Medium Risk,3,45,107.75,4882.8,Month-to-month,Fiber optic,Bank transfer (automatic)
1436-ZMJAN,32.56,Medium Risk,2,10,67.8,653.15,Month-to-month,DSL,Credit card (automatic)
0106-UGRDO,0.0,Low Risk,3,69,116.0,8182.85,Two year,Fiber optic,Electronic check
1069-XAIEM,94.22,High Risk,2,1,85.05,85.05,Month-to-month,Fiber optic,Electronic check
4213-HKBJO,3.53,Low Risk,0,33,25.7,826.1,Two year,No,Credit card (automatic)
8345-MVDYC,3.53,Low Risk,3,45,81.65,3618.7,Two year,DSL,Bank transfer (automatic)
2672-OJQZP,72.5,High Risk,0,1,44.75,44.75,Month-to-month,DSL,Mailed check
5136-RGMZO,32.56,Medium Risk,2,31,71.05,2168.15,Month-to-month,DSL,Electronic check
5774-QPLTF,4.74,Low Risk,1,50,20.35,938.95,One year,No,Mailed check
5240-CAOYT,58.23,Medium Risk,3,57,87.55,4884.85,Month-to-month,Fiber optic,Bank transfer (automatic)
3707-GNWHM,94.22,High Risk,2,1,74.25,74.25,Month-to-month,Fiber optic,Mailed check
5159-YFPKQ,84.36,High Risk,2,2,75.8,160.75,Month-to-month,Fiber optic,Electronic check
5052-PNLOS,84.36,High Risk,2,3,105.35,323.25,Month-to-month,Fiber optic,Bank transfer (automatic)
6173-GOLSU,58.23,Medium Risk,3,67,94.65,6079.0,Month-to-month,Fiber optic,Credit card (automatic)
6661-HBGWL,58.23,Medium Risk,3,42,104.75,4323.45,Month-to-month,Fiber optic,Bank transfer (automatic)
8207-VVMYB,0.0,Low Risk,1,70,26.0,2006.95,Two year,No,Bank transfer (automatic)
5324-KTGCG,16.13,Low Risk,1,71,20.85,1539.75,One year,No,Electronic check
7354-OIJLX,84.36,High Risk,2,9,75.85,724.65,Month-to-month,Fiber optic,Electronic check
9286-BHDQG,0.0,Low Risk,1,72,45.25,3139.8,Two year,DSL,Credit card (automatic)
3567-PQTSO,54.82,Medium Risk,3,53,105.25,5576.3,One year,Fiber optic,Electronic check
3197-ARFOY,58.23,Medium Risk,2,19,105.0,2007.25,Month-to-month,Fiber optic,Mailed check
5698-BQJOH,84.36,High Risk,2,9,94.4,857.25,Month-to-month,Fiber optic,Electronic check
1090-ESELR,23.78,Low Risk,3,72,105.5,7611.55,Two year,Fiber optic,Bank transfer (automatic)
0056-EPFBG,3.53,Low Risk,0,20,39.4,825.4,Two year,DSL,Credit card (automatic)
4955-VCWBI,4.74,Low Risk,1,43,20.0,817.95,One year,No,Mailed check
4717-GHADL,3.53,Low Risk,3,50,79.6,4024.2,Two year,DSL,Mailed check
0058-EVZWM,58.23,Medium Risk,3,55,89.8,4959.6,Month-to-month,Fiber optic,Bank transfer (automatic)
7218-HKQFK,84.36,High Risk,2,2,94.2,167.5,Month-to-month,Fiber optic,Electronic check
5057-RKGLH,3.53,Low Risk,0,9,20.35,191.1,Two year,No,Mailed check
2309-OSFEU,53.35,Medium Risk,0,10,33.9,298.45,Month-to-month,DSL,Mailed check
3429-IFLEM,5.97,Low Risk,3,71,77.35,5550.1,Two year,DSL,Credit card (automatic)
1550-LOAHA,58.23,Medium Risk,2,32,84.15,2585.95,Month-to-month,Fiber optic,Bank transfer (automatic)
1400-MMYXY,84.36,High Risk,2,3,105.9,334.65,Month-to-month,Fiber optic,Electronic check
7503-QQRVF,58.23,Medium Risk,2,16,74.3,1178.25,Month-to-month,Fiber optic,Credit card (automatic)
7504-UWHNB,72.94,High Risk,2,25,69.75,1729.35,Month-to-month,Fiber optic,Electronic check
9565-JSNFM,4.74,Low Risk,2,38,70.45,2597.6,One year,Fiber optic,Bank transfer (automatic)
4735-BJKOU,3.53,Low Risk,1,40,20.15,804.85,Two year,No,Mailed check
3580-GICBM,0.0,Low Risk,1,61,24.2,1445.2,Two year,No,Mailed check
7632-YUTXB,12.96,Low Risk,0,25,20.05,520.1,One year,No,Mailed check
9412-ARGBX,5.97,Low Risk,3,48,95.5,4627.85,Two year,Fiber optic,Mailed check
9576-ANLXO,84.36,High Risk,2,3,69.55,222.3,Month-to-month,Fiber optic,Bank transfer (automatic)
1110-KYLGQ,58.23,Medium Risk,3,63,108.25,6780.1,Month-to-month,Fiber optic,Credit card (automatic)
8696-JKZNU,72.94,High Risk,2,37,76.25,2841.55,Month-to-month,Fiber optic,Electronic check
8757-TFHHJ,72.5,High Risk,0,1,49.8,49.8,Month-to-month,DSL,Credit card (automatic)
2955-BJZHG,72.94,High Risk,2,17,80.85,1400.85,Month-to-month,Fiber optic,Electronic check
9048-JVYVF,72.5,High Risk,2,3,69.35,191.35,Month-to-month,DSL,Electronic check
0682-USIXD,72.94,High Risk,2,21,86.05,1818.9,Month-to-month,Fiber optic,Electronic check
3884-UEBXB,0.0,Low Risk,1,67,36.15,2434.45,Two year,DSL,Bank transfer (automatic)
1776-SPBWV,4.74,Low Risk,0,34,20.1,682.1,One year,No,Bank transfer (automatic)
9050-QLROH,58.23,Medium Risk,2,18,90.7,1597.25,Month-to-month,Fiber optic,Credit card (automatic)
2925-VDZHY,5.97,Low Risk,3,72,88.7,6501.35,Two year,DSL,Credit card (automatic)
9512-UIBFX,58.23,Medium Risk,2,18,95.15,1779.95,Month-to-month,Fiber optic,Mailed check
8676-TRMJS,84.36,High Risk,2,3,75.0,209.1,Month-to-month,Fiber optic,Mailed check
3334-CTHOL,72.5,High Risk,0,1,49.95,49.95,Month-to-month,DSL,Bank transfer (automatic)
6331-LWDTQ,32.56,Medium Risk,2,10,72.15,794.25,Month-to-month,DSL,Credit card (automatic)
3847-BAERP,32.56,Medium Risk,0,10,20.9,247.0,Month-to-month,No,Mailed check
4709-LKHYG,16.13,Low Risk,0,29,20.0,540.05,One year,No,Electronic check
8621-MNIHH,72.94,High Risk,2,34,94.25,3217.55,Month-to-month,Fiber optic,Electronic check
8884-ADFVN,84.36,High Risk,2,7,101.95,700.85,Month-to-month,Fiber optic,Electronic check
2885-HIJDH,5.97,Low Risk,3,69,86.9,6194.1,Two year,DSL,Bank transfer (automatic)
8570-KLJYJ,4.74,Low Risk,1,36,54.45,1893.5,One year,DSL,Mailed check
9339-FIIJL,5.97,Low Risk,3,72,85.95,6151.9,Two year,DSL,Bank transfer (automatic)
6223-DHJGV,4.74,Low Risk,1,42,20.65,958.1,One year,No,Mailed check
0959-WHOKV,29.48,Low Risk,3,42,99.0,4298.45,One year,Fiber optic,Electronic check
9610-WCESF,58.06,Medium Risk,1,67,43.9,3097.2,Two year,DSL,Electronic check
9279-CJEOJ,58.23,Medium Risk,2,21,95.4,2025.1,Month-to-month,Fiber optic,Bank transfer (automatic)
2985-FMWYF,72.94,High Risk,2,23,93.5,2341.55,Month-to-month,Fiber optic,Electronic check
3540-RZJYU,72.94,High Risk,2,15,86.2,1270.2,Month-to-month,Fiber optic,Electronic check
2522-WLNSF,4.74,Low Risk,2,34,64.2,2106.3,One year,DSL,Bank transfer (automatic)
6861-XWTWQ,84.36,High Risk,2,7,99.25,665.45,Month-to-month,Fiber optic,Electronic check
8735-NBLWT,32.56,Medium Risk,0,9,20.4,184.1,Month-to-month,No,Mailed check
1744-JHKYS,32.56,Medium Risk,1,34,24.7,780.2,Month-to-month,No,Electronic check
0841-NULXI,72.5,High Risk,0,1,35.55,35.55,Month-to-month,DSL,Electronic check
4016-BJKTZ,47.99,Medium Risk,2,25,108.9,2809.05,Two year,Fiber optic,Electronic check
9298-WGMRW,0.0,Low Risk,3,72,115.5,8312.75,Two year,Fiber optic,Bank transfer (automatic)
7893-IXHRQ,49.6,Medium Risk,0,1,20.55,20.55,Month-to-month,No,Electronic check
8785-CJSHH,72.94,High Risk,3,60,99.8,5985.75,Month-to-month,Fiber optic,Electronic check
7654-YWJUF,4.74,Low Risk,3,43,84.25,3539.25,One year,Fiber optic,Bank transfer (automatic)
8909-BOLNL,12.96,Low Risk,0,3,21.2,52.05,One year,No,Mailed check
9919-FZDED,5.97,Low Risk,3,72,84.1,5981.65,Two year,DSL,Credit card (automatic)
0322-CHQRU,72.5,High Risk,0,2,45.35,89.5,Month-to-month,DSL,Electronic check
3587-PMCOY,58.06,Medium Risk,2,10,98.9,1064.95,One year,Fiber optic,Electronic check
0655-RBDUG,84.36,High Risk,2,7,98.05,713.0,Month-to-month,Fiber optic,Bank transfer (automatic)
0983-TATYJ,4.74,Low Risk,1,33,51.45,1758.9,One year,DSL,Mailed check
5650-YLIBA,72.94,High Risk,2,31,81.15,2640.55,Month-to-month,Fiber optic,Electronic check
5144-TVGLP,72.94,High Risk,3,38,94.75,3653.0,Month-to-month,Fiber optic,Electronic check
3569-EDBPQ,72.94,High Risk,2,24,84.35,1938.05,Month-to-month,Fiber optic,Electronic check
4945-RVMTE,32.56,Medium Risk,2,28,59.55,1646.45,Month-to-month,DSL,Bank transfer (automatic)
3511-BFTJW,0.0,Low Risk,1,72,38.5,2763.0,Two year,DSL,Credit card (automatic)
5537-UXXVS,32.56,Medium Risk,0,20,19.25,375.25,Month-to-month,No,Bank transfer (automatic)
8782-NUUOL,29.48,Low Risk,3,60,79.0,4801.1,One year,DSL,Mailed check
2865-TCHJW,84.36,High Risk,2,4,89.2,346.2,Month-to-month,Fiber optic,Electronic check
9931-KGHOA,32.56,Medium Risk,1,46,55.0,2473.95,Month-to-month,DSL,Bank transfer (automatic)
3071-MVJCD,5.97,Low Risk,3,72,82.3,5815.15,Two year,DSL,Bank transfer (automatic)
7279-BUYWN,72.94,High Risk,3,41,113.2,4689.5,Month-to-month,Fiber optic,Electronic check
3756-VNWDH,36.75,Medium Risk,3,65,100.75,6674.65,One year,Fiber optic,Electronic check
1395-OFUWC,53.35,Medium Risk,1,43,29.3,1224.05,Month-to-month,DSL,Credit card (automatic)
4223-BKEOR,29.48,Low Risk,2,21,64.85,1336.8,One year,DSL,Mailed check
0040-HALCW,3.53,Low Risk,1,54,20.4,1090.6,Two year,No,Credit card (automatic)
7124-UGSUR,54.82,Medium Risk,3,61,104.4,6405.0,One year,Fiber optic,Credit card (automatic)
7395-XWZOY,53.35,Medium Risk,2,20,55.0,1165.55,Month-to-month,DSL,Credit card (automatic)
5440-VHLUL,36.75,Medium Risk,3,69,105.2,7386.05,One year,Fiber optic,Bank transfer (automatic)
4706-DGAHW,72.5,High Risk,0,1,45.2,45.2,Month-to-month,DSL,Electronic check
8166-ORCHU,29.48,Low Risk,2,33,93.55,3055.5,One year,Fiber optic,Electronic check
3978-YNKDD,3.53,Low Risk,0,19,20.85,467.5,Two year,No,Credit card (automatic)
7198-GLXTC,84.36,High Risk,2,2,79.0,143.65,Month-to-month,Fiber optic,Electronic check
6366-XIVKZ,32.56,Medium Risk,2,13,63.15,816.8,Month-to-month,DSL,Mailed check
5133-POWUA,72.5,High Risk,0,1,45.8,45.8,Month-to-month,DSL,Mailed check
8400-WZICQ,32.56,Medium Risk,1,55,55.7,3131.8,Month-to-month,DSL,Electronic check
5382-SOYZL,72.94,High Risk,2,22,95.1,2162.6,Month-to-month,Fiber optic,Electronic check
1989-PRJHP,72.94,High Risk,2,27,75.5,1893.95,Month-to-month,Fiber optic,Electronic check
4154-AQUGT,84.36,High Risk,2,13,89.05,1169.35,Month-to-month,Fiber optic,Bank transfer (automatic)
0980-FEXWF,4.74,Low Risk,0,26,50.35,1285.8,One year,DSL,Mailed check
5845-BZZIB,3.53,Low Risk,1,35,20.1,655.3,Two year,No,Mailed check
4840-ORQXB,72.94,High Risk,3,56,104.75,5841.35,Month-to-month,Fiber optic,Electronic check
0295-PPHDO,94.22,High Risk,2,1,95.45,95.45,Month-to-month,Fiber optic,Electronic check
8775-ERLNB,94.22,High Risk,2,1,74.3,74.3,Month-to-month,Fiber optic,Electronic check
0376-YMCJC,72.94,High Risk,2,23,90.6,1943.2,Month-to-month,Fiber optic,Electronic check
7410-YTJIK,84.36,High Risk,2,7,75.45,480.75,Month-to-month,Fiber optic,Mailed check
9927-DSWDF,72.94,High Risk,2,22,104.6,2180.55,Month-to-month,Fiber optic,Electronic check
6681-ZSEXG,3.53,Low Risk,1,56,59.5,3389.25,Two year,DSL,Credit card (automatic)
5702-KVQRD,16.51,Low Risk,3,71,82.55,5832.65,Two year,DSL,Electronic check
8711-LOBKY,3.53,Low Risk,1,59,19.85,1188.25,Two year,No,Mailed check
9692-TUSXH,72.94,High Risk,2,18,96.05,1740.7,Month-to-month,Fiber optic,Electronic check
4012-YCFAI,0.0,Low Risk,1,60,61.35,3766.2,Two year,DSL,Mailed check
8455-HIRAQ,32.56,Medium Risk,0,8,44.45,369.3,Month-to-month,DSL,Mailed check
7853-WNZSY,49.6,Medium Risk,0,1,19.75,19.75,Month-to-month,No,Credit card (automatic)
0390-DCFDQ,94.22,High Risk,2,1,70.45,70.45,Month-to-month,Fiber optic,Mailed check
6421-SZVEM,29.48,Low Risk,2,28,82.85,2320.8,One year,Fiber optic,Bank transfer (automatic)
3094-JOJAI,58.23,Medium Risk,2,18,74.15,1387.0,Month-to-month,Fiber optic,Mailed check
4873-ILOLJ,72.94,High Risk,2,24,90.35,2238.5,Month-to-month,Fiber optic,Electronic check
8181-YHCMF,0.0,Low Risk,3,68,60.3,4109.0,Two year,DSL,Credit card (automatic)
3324-OIRTO,36.75,Medium Risk,3,71,104.65,7288.4,One year,Fiber optic,Bank transfer (automatic)
9135-HSWOC,0.0,Low Risk,1,64,19.7,1274.05,Two year,No,Bank transfer (automatic)
2272-WUSPA,0.0,Low Risk,3,72,110.75,7751.7,Two year,Fiber optic,Electronic check
4627-MIHJH,47.99,Medium Risk,3,69,110.25,7467.55,Two year,Fiber optic,Credit card (automatic)
3896-RCYYE,53.35,Medium Risk,1,67,53.4,3579.15,Month-to-month,DSL,Credit card (automatic)
6729-GDNGC,58.23,Medium Risk,2,20,80.7,1614.2,Month-to-month,Fiber optic,Bank transfer (automatic)
9945-PSVIP,3.53,Low Risk,0,25,18.7,383.65,Two year,No,Mailed check
4137-JOPHL,3.53,Low Risk,3,50,89.7,4304.5,Two year,Fiber optic,Bank transfer (automatic)
2720-FVBQP,32.56,Medium Risk,0,6,48.95,273.25,Month-to-month,DSL,Credit card (automatic)
7854-EKTJL,49.6,Medium Risk,0,2,19.6,35.85,Month-to-month,No,Electronic check
1133-KXCGE,12.96,Low Risk,0,18,20.1,407.05,One year,No,Mailed check
6048-QBXKL,72.5,High Risk,0,2,56.55,118.25,Month-to-month,DSL,Credit card (automatic)
6338-AVWCY,72.5,High Risk,0,3,40.15,130.75,Month-to-month,DSL,Mailed check
0013-MHZWF,32.56,Medium Risk,2,9,69.4,571.45,Month-to-month,DSL,Credit card (automatic)
9804-ICWBG,94.22,High Risk,2,1,69.9,69.9,Month-to-month,Fiber optic,Electronic check
2368-GAKKQ,0.0,Low Risk,3,70,113.65,7939.25,Two year,Fiber optic,Bank transfer (automatic)
4829-AUOAX,58.23,Medium Risk,3,46,96.05,4399.5,Month-to-month,Fiber optic,Bank transfer (automatic)
7876-BEUTG,32.56,Medium Risk,0,15,48.8,720.1,Month-to-month,DSL,Mailed check
6349-JDHQP,3.53,Low Risk,1,53,19.85,1049.6,Two year,No,Credit card (automatic)
3063-QFSZL,72.5,High Risk,0,1,55.4,55.4,Month-to-month,DSL,Electronic check
9142-XMYJH,32.56,Medium Risk,0,29,19.35,601.6,Month-to-month,No,Credit card (automatic)
2609-IAICY,94.22,High Risk,2,1,77.15,77.15,Month-to-month,Fiber optic,Electronic check
8626-PTQGE,0.0,Low Risk,3,69,60.05,4176.7,Two year,DSL,Bank transfer (automatic)
0230-UBYPQ,4.74,Low Risk,1,63,36.1,2298.9,One year,DSL,Bank transfer (automatic)
6814-ZPWFQ,4.74,Low Risk,1,51,25.0,1260.7,One year,No,Bank transfer (automatic)
5921-NGYRH,58.23,Medium Risk,3,64,73.55,4764.0,Month-to-month,Fiber optic,Mailed check
7803-XOCCZ,58.23,Medium Risk,3,52,84.05,4326.8,Month-to-month,Fiber optic,Bank transfer (automatic)
1459-QNFQT,0.0,Low Risk,3,70,59.5,4144.8,Two year,DSL,Bank transfer (automatic)
3948-FVVRP,32.56,Medium Risk,0,9,54.8,452.8,Month-to-month,DSL,Mailed check
0923-PNFUB,84.36,High Risk,2,3,83.75,247.25,Month-to-month,Fiber optic,Electronic check
4654-ULTTN,5.97,Low Risk,3,70,74.8,5315.8,Two year,DSL,Credit card (automatic)
5628-FCGYG,72.94,High Risk,2,21,84.1,1737.45,Month-to-month,Fiber optic,Electronic check
0506-LVNGN,84.36,High Risk,2,5,75.55,349.65,Month-to-month,Fiber optic,Credit card (automatic)
4329-YPDDQ,58.23,Medium Risk,2,20,108.2,2203.7,Month-to-month,Fiber optic,Bank transfer (automatic)
9866-OCCKE,0.0,Low Risk,3,72,109.75,8075.35,Two year,Fiber optic,Mailed check
0794-YVSGE,0.0,Low Risk,1,72,20.3,1401.15,Two year,No,Bank transfer (automatic)
4342-HENTK,84.36,High Risk,2,2,70.65,142.35,Month-to-month,Fiber optic,Electronic check
5934-TSSAU,58.23,Medium Risk,2,23,75.3,1702.9,Month-to-month,Fiber optic,Credit card (automatic)
9986-BONCE,49.6,Medium Risk,0,4,20.95,85.5,Month-to-month,No,Bank transfer (automatic)
5301-GAUUY,58.23,Medium Risk,2,32,80.35,2596.15,Month-to-month,Fiber optic,Bank transfer (automatic)
0725-CXOTM,29.48,Low Risk,2,36,89.65,3348.1,One year,DSL,Credit card (automatic)
2843-CQMEG,32.56,Medium Risk,0,24,49.7,1218.25,Month-to-month,DSL,Mailed check
5600-PDUJF,32.56,Medium Risk,0,6,49.5,312.7,Month-to-month,DSL,Credit card (automatic)
4500-HKANN,3.53,Low Risk,2,23,59.7,1414.2,Two year,DSL,Mailed check
1862-QRWPE,3.53,Low Risk,1,48,20.65,1057.0,Two year,No,Bank transfer (automatic)
2155-AMQRX,32.56,Medium Risk,2,28,54.9,1505.15,Month-to-month,DSL,Credit card (automatic)
0823-HSCDJ,53.35,Medium Risk,1,52,49.15,2550.9,Month-to-month,DSL,Electronic check
4090-KPJIP,84.36,High Risk,2,3,74.95,212.4,Month-to-month,Fiber optic,Electronic check
2737-YNGYW,84.36,High Risk,2,2,80.55,184.1,Month-to-month,Fiber optic,Electronic check
5619-XZZKR,12.96,Low Risk,0,4,19.95,68.2,One year,No,Mailed check
6047-YHPVI,84.36,High Risk,2,5,69.7,316.9,Month-to-month,Fiber optic,Electronic check
8375-DKEBR,94.22,High Risk,2,1,69.6,69.6,Month-to-month,Fiber optic,Electronic check
7729-XBTWX,0.0,Low Risk,1,66,19.75,1344.5,Two year,No,Mailed check
4983-CLMLV,58.23,Medium Risk,3,52,102.7,5138.1,Month-to-month,Fiber optic,Credit card (automatic)
9227-LUNBG,72.5,High Risk,0,1,24.6,24.6,Month-to-month,DSL,Electronic check
2758-RNWXS,29.48,Low Risk,2,35,89.2,3251.3,One year,Fiber optic,Electronic check
7055-HNEOJ,72.5,High Risk,0,3,55.8,154.55,Month-to-month,DSL,Mailed check
7134-MJPDY,36.75,Medium Risk,3,66,102.85,6976.75,One year,Fiber optic,Credit card (automatic)
4560-WQAQW,29.48,Low Risk,3,59,68.7,4070.95,One year,DSL,Bank transfer (automatic)
8532-UEFWH,3.53,Low Risk,1,52,25.75,1345.85,Two year,No,Mailed check
8541-QVFKM,84.36,High Risk,2,8,73.5,632.2,Month-to-month,Fiber optic,Electronic check
7129-ACFOG,72.5,High Risk,0,5,53.8,283.95,Month-to-month,DSL,Electronic check
2495-INZWQ,72.5,High Risk,0,4,44.55,174.3,Month-to-month,DSL,Electronic check
0263-FJTQO,3.53,Low Risk,3,50,70.5,3486.65,Two year,DSL,Credit card (automatic)
0181-RITDD,23.78,Low Risk,3,62,108.15,6825.65,Two year,Fiber optic,Mailed check
8241-JUIQO,4.74,Low Risk,1,61,19.45,1336.35,One year,No,Bank transfer (automatic)
0913-XWSCN,58.23,Medium Risk,3,55,85.5,4713.4,Month-to-month,Fiber optic,Bank transfer (automatic)
2159-TURXX,49.6,Medium Risk,0,5,20.05,95.55,Month-to-month,No,Credit card (automatic)
6461-PPAXN,4.74,Low Risk,1,35,54.95,1916.0,One year,DSL,Bank transfer (automatic)
1452-KIOVK,58.23,Medium Risk,2,22,89.1,1949.4,Month-to-month,Fiber optic,Credit card (automatic)
1139-WUOAH,3.53,Low Risk,1,57,53.35,3090.05,Two year,DSL,Credit card (automatic)
3207-OYBWH,58.23,Medium Risk,3,57,95.25,5427.05,Month-to-month,Fiber optic,Bank transfer (automatic)
8347-GDTMP,0.0,Low Risk,1,64,19.45,1225.65,Two year,No,Credit card (automatic)
9909-DFRJA,29.48,Low Risk,2,26,95.85,2475.35,One year,Fiber optic,Bank transfer (automatic)
6383-ZTSIW,29.48,Low Risk,3,39,99.1,3877.95,One year,Fiber optic,Mailed check
5438-QMDDL,32.56,Medium Risk,2,19,59.8,1130.85,Month-to-month,DSL,Mailed check
8914-RBTSB,72.94,High Risk,2,31,93.8,3019.5,Month-to-month,Fiber optic,Electronic check
6164-HXUGH,32.56,Medium Risk,0,6,19.85,119.3,Month-to-month,No,Mailed check
6900-RBKER,5.97,Low Risk,3,52,89.45,4577.75,Two year,Fiber optic,Credit card (automatic)
1492-QGCLU,32.56,Medium Risk,3,53,85.7,4616.1,Month-to-month,DSL,Electronic check
6664-FPDAC,54.82,Medium Risk,3,56,111.95,6418.9,One year,Fiber optic,Electronic check
1088-AUUZZ,3.53,Low Risk,3,56,75.85,4261.2,Two year,DSL,Credit card (automatic)
6651-AZVTJ,72.94,High Risk,3,49,99.8,4872.45,Month-to-month,Fiber optic,Electronic check
8219-VYBVI,3.53,Low Risk,1,39,25.0,1004.35,Two year,No,Mailed check
0310-MVLET,72.94,High Risk,3,61,99.15,6010.05,Month-to-month,Fiber optic,Electronic check
7233-IOQNP,53.35,Medium Risk,1,43,34.0,1505.35,Month-to-month,DSL,Bank transfer (automatic)
7311-MQJCH,16.13,Low Risk,0,5,19.55,99.6,One year,No,Electronic check
9256-JTBNZ,32.56,Medium Risk,0,11,20.3,246.3,Month-to-month,No,Bank transfer (automatic)
8713-IGZSO,49.6,Medium Risk,0,2,24.85,62.0,Month-to-month,No,Mailed check
6821-BUXUX,84.36,High Risk,2,13,96.65,1244.5,Month-to-month,Fiber optic,Electronic check
9114-DPSIA,5.97,Low Risk,3,72,81.0,5750.0,Two year,DSL,Credit card (automatic)
4501-UYKBC,29.48,Low Risk,1,46,69.1,3255.35,One year,DSL,Credit card (automatic)
2798-NYLMZ,23.78,Low Risk,3,71,108.55,7616.0,Two year,Fiber optic,Credit card (automatic)
6711-VTNRE,72.94,High Risk,2,36,87.55,3078.1,Month-to-month,Fiber optic,Electronic check
5966-EMAZU,36.75,Medium Risk,3,64,108.5,6880.85,One year,Fiber optic,Mailed check
3627-FHKBK,94.22,High Risk,2,1,75.3,75.3,Month-to-month,Fiber optic,Mailed check
7861-UVUFT,72.94,High Risk,2,15,84.3,1308.4,Month-to-month,Fiber optic,Electronic check
9824-QCJPK,4.74,Low Risk,1,36,20.0,666.75,One year,No,Mailed check
7816-VGHTO,3.53,Low Risk,0,6,40.55,217.5,Two year,DSL,Mailed check
3794-NFNCH,32.56,Medium Risk,1,30,50.0,1474.9,Month-to-month,DSL,Mailed check
3877-JRJIP,72.5,High Risk,0,1,59.85,59.85,Month-to-month,DSL,Electronic check
5228-EXCET,84.36,High Risk,2,13,80.85,1008.7,Month-to-month,Fiber optic,Electronic check
6248-BSHKG,4.74,Low Risk,1,61,20.4,1226.45,One year,No,Mailed check
8915-NNTRC,0.0,Low Risk,3,72,107.7,7919.8,Two year,Fiber optic,Credit card (automatic)
3470-OBUET,5.97,Low Risk,3,67,74.0,4868.4,Two year,DSL,Credit card (automatic)
3229-USWAR,29.48,Low Risk,2,34,79.95,2727.3,One year,DSL,Bank transfer (automatic)
1927-QEWMY,0.0,Low Risk,1,72,20.5,1502.25,Two year,No,Credit card (automatic)
6374-AFWOX,3.53,Low Risk,1,46,65.65,3047.15,Two year,DSL,Mailed check
7912-SYRQT,84.36,High Risk,2,7,75.1,552.95,Month-to-month,Fiber optic,Bank transfer (automatic)
2070-FNEXE,84.36,High Risk,2,7,76.45,503.6,Month-to-month,Fiber optic,Bank transfer (automatic)
5803-NQJZO,5.97,Low Risk,3,72,67.8,4804.65,Two year,DSL,Bank transfer (automatic)
5651-YLPRD,72.94,High Risk,2,32,86.1,2723.75,Month-to-month,Fiber optic,Electronic check
1271-UODNO,3.53,Low Risk,1,39,53.85,2200.7,Two year,DSL,Credit card (automatic)
5014-WUQMG,29.48,Low Risk,3,47,96.1,4391.45,One year,Fiber optic,Electronic check
5889-JTMUL,72.94,High Risk,3,50,95.05,4888.7,Month-to-month,Fiber optic,Electronic check
0788-DXBFY,16.13,Low Risk,1,58,19.55,1108.8,One year,No,Electronic check
2669-QVCRG,58.23,Medium Risk,3,41,81.3,3190.65,Month-to-month,Fiber optic,Credit card (automatic)
6630-UJZMY,84.36,High Risk,2,4,83.25,308.05,Month-to-month,Fiber optic,Electronic check
5061-PBXFW,32.56,Medium Risk,2,32,61.4,1864.65,Month-to-month,DSL,Bank transfer (automatic)
2700-LUEVA,49.6,Medium Risk,0,1,20.75,20.75,Month-to-month,No,Credit card (automatic)
3865-ZFZIB,3.53,Low Risk,0,19,19.65,358.15,Two year,No,Mailed check
0471-ARVMX,54.82,Medium Risk,3,62,104.85,6312.9,One year,Fiber optic,Electronic check
8985-OOPOS,58.06,Medium Risk,2,1,74.1,74.1,One year,DSL,Credit card (automatic)
0719-SYFRB,32.56,Medium Risk,2,12,61.65,713.75,Month-to-month,DSL,Mailed check
0447-BEMNG,53.35,Medium Risk,1,48,45.3,2145.0,Month-to-month,DSL,Bank transfer (automatic)
5630-AHZIL,72.5,High Risk,2,3,64.5,177.4,Month-to-month,DSL,Bank transfer (automatic)
2190-BCXEC,58.23,Medium Risk,2,40,78.85,3126.85,Month-to-month,Fiber optic,Credit card (automatic)
1559-DTODC,53.35,Medium Risk,0,19,25.15,468.35,Month-to-month,DSL,Bank transfer (automatic)
3244-DCJWY,94.22,High Risk,2,1,70.25,70.25,Month-to-month,Fiber optic,Electronic check
3967-VQOGC,0.0,Low Risk,1,67,24.9,1680.25,Two year,No,Mailed check
0265-PSUAE,58.23,Medium Risk,2,16,100.7,1522.7,Month-to-month,Fiber optic,Bank transfer (automatic)
1622-HSHSF,49.6,Medium Risk,0,1,19.55,19.55,Month-to-month,No,Mailed check
9867-XOBQA,3.53,Low Risk,0,21,53.15,1183.2,Two year,DSL,Mailed check
6773-LQTVT,53.35,Medium Risk,0,29,35.65,1025.15,Month-to-month,DSL,Mailed check
4332-MUOEZ,29.48,Low Risk,2,20,94.3,1818.3,One year,Fiber optic,Credit card (automatic)
0023-XUOPT,84.36,High Risk,2,13,94.1,1215.6,Month-to-month,Fiber optic,Electronic check
6543-CPZMK,53.35,Medium Risk,0,9,29.95,248.95,Month-to-month,DSL,Electronic check
6418-HNFED,3.53,Low Risk,3,51,83.25,4089.45,Two year,DSL,Credit card (automatic)
1036-GUDCL,32.56,Medium Risk,3,60,79.05,4663.4,Month-to-month,DSL,Credit card (automatic)
4818-QIUFN,72.94,High Risk,2,20,79.15,1520.9,Month-to-month,Fiber optic,Electronic check
0778-NELLA,53.35,Medium Risk,0,9,34.7,296.1,Month-to-month,DSL,Credit card (automatic)
7495-OOKFY,84.36,High Risk,2,8,80.65,633.3,Month-to-month,Fiber optic,Credit card (automatic)
4737-HOBAX,5.97,Low Risk,3,63,79.8,5034.05,Two year,DSL,Credit card (automatic)
7919-ZODZZ,58.06,Medium Risk,2,10,65.9,660.05,One year,DSL,Mailed check
2988-PLAHS,58.06,Medium Risk,2,3,69.95,220.45,One year,DSL,Electronic check
9067-SQTNS,4.74,Low Risk,1,44,20.6,926.0,One year,No,Bank transfer (automatic)
6483-OATDN,32.56,Medium Risk,0,8,51.3,411.6,Month-to-month,DSL,Credit card (automatic)
5469-CTCWN,36.75,Medium Risk,3,61,106.0,6547.7,One year,Fiber optic,Electronic check
3524-WQDSG,58.23,Medium Risk,3,43,99.3,4209.95,Month-to-month,Fiber optic,Bank transfer (automatic)
6968-URWQU,4.74,Low Risk,1,43,56.35,2391.15,One year,DSL,Mailed check
8601-QACRS,72.5,High Risk,0,5,50.6,249.95,Month-to-month,DSL,Mailed check
8690-UPCZI,4.74,Low Risk,2,29,69.05,1958.45,One year,DSL,Bank transfer (automatic)
5331-RGMTT,58.23,Medium Risk,3,54,99.05,5295.7,Month-to-month,Fiber optic,Credit card (automatic)
1357-BIJKI,29.48,Low Risk,3,50,98.25,4858.7,One year,Fiber optic,Electronic check
2088-IEBAU,16.51,Low Risk,3,68,88.15,6148.45,Two year,DSL,Electronic check
0679-IDSTG,94.22,High Risk,2,1,69.25,69.25,Month-to-month,Fiber optic,Electronic check
6519-ZHPXP,23.78,Low Risk,3,72,108.3,7679.65,Two year,Fiber optic,Bank transfer (automatic)
2101-RANCD,72.94,High Risk,3,55,73.1,4144.9,Month-to-month,Fiber optic,Electronic check
4029-HPFVY,84.36,High Risk,2,3,70.3,220.4,Month-to-month,Fiber optic,Mailed check
1015-OWJKI,49.6,Medium Risk,0,1,19.05,19.05,Month-to-month,No,Mailed check
8314-HTWVE,3.53,Low Risk,0,7,19.85,144.15,Two year,No,Mailed check
5357-TZHPP,84.36,High Risk,2,9,84.4,732.5,Month-to-month,Fiber optic,Credit card (automatic)
8727-XDPUD,3.53,Low Risk,1,37,35.8,1316.9,Two year,DSL,Credit card (automatic)
9073-ZZIAY,0.0,Low Risk,3,62,86.1,5215.25,Two year,DSL,Electronic check
5181-OABFK,3.53,Low Risk,1,56,61.3,3346.8,Two year,DSL,Credit card (automatic)
3812-LRZIR,0.0,Low Risk,0,27,24.5,761.95,Two year,No,Electronic check
5204-HMGYF,29.48,Low Risk,3,49,87.2,4345.0,One year,DSL,Mailed check
9950-MTGYX,3.53,Low Risk,0,28,20.3,487.95,Two year,No,Credit card (automatic)
3675-EQOZA,49.6,Medium Risk,0,5,20.65,93.55,Month-to-month,No,Bank transfer (automatic)
3646-ITDGM,3.53,Low Risk,1,56,19.7,1051.9,Two year,No,Bank transfer (automatic)
3913-FCUUW,5.97,Low Risk,3,72,70.45,5165.7,Two year,DSL,Bank transfer (automatic)
